ISO-10303-21;
HEADER;
/* Generated by software containing ST-Developer
 * from STEP Tools, Inc. (www.steptools.com) 
 */
/* OPTION: using custom renumber hook */

FILE_DESCRIPTION(
/* description */ ('STEP AP242 Edition 2',
'CAx-IF Rec.Pracs.---Representation and Presentation of Product Manufa
cturing Information (PMI)---4.0---2014-10-13',
'CAx-IF Rec.Pracs.---3D Tessellated Geometry---0.4---2014-09-14','2;1',
'CAx-IF Rec.Pracs.---User Defined Attributes---1.5---2016-08-15'),
/* implementation_level */ '2;1');

FILE_NAME(
/* name */ 'Display with pins',
/* time_stamp */ '2026-09-19T04:30:10Z',
/* author */ (''),
/* organization */ (''),
/* preprocessor_version */ 'ST-DEVELOPER v20',
/* originating_system */ 'ONSHAPE BY PTC INC, 1.221',
/* authorisation */ '  ');

FILE_SCHEMA (('AP242_MANAGED_MODEL_BASED_3D_ENGINEERING_MIM_LF { 1 0 10303 442 3 1 4 }'));
ENDSEC;

DATA;
#10=LINE('',#4032,#238);
#11=LINE('',#4035,#239);
#12=LINE('',#4037,#240);
#13=LINE('',#4039,#241);
#14=LINE('',#4041,#242);
#15=LINE('',#4043,#243);
#16=LINE('',#4045,#244);
#17=LINE('',#4047,#245);
#18=LINE('',#4049,#246);
#19=LINE('',#4051,#247);
#20=LINE('',#4053,#248);
#21=LINE('',#4055,#249);
#22=LINE('',#4057,#250);
#23=LINE('',#4060,#251);
#24=LINE('',#4062,#252);
#25=LINE('',#4064,#253);
#26=LINE('',#4070,#254);
#27=LINE('',#4073,#255);
#28=LINE('',#4075,#256);
#29=LINE('',#4077,#257);
#30=LINE('',#4083,#258);
#31=LINE('',#4084,#259);
#32=LINE('',#4088,#260);
#33=LINE('',#4090,#261);
#34=LINE('',#4207,#262);
#35=LINE('',#4210,#263);
#36=LINE('',#4212,#264);
#37=LINE('',#4214,#265);
#38=LINE('',#4216,#266);
#39=LINE('',#4218,#267);
#40=LINE('',#4220,#268);
#41=LINE('',#4222,#269);
#42=LINE('',#4224,#270);
#43=LINE('',#4226,#271);
#44=LINE('',#4228,#272);
#45=LINE('',#4230,#273);
#46=LINE('',#4232,#274);
#47=LINE('',#4234,#275);
#48=LINE('',#4236,#276);
#49=LINE('',#4238,#277);
#50=LINE('',#4240,#278);
#51=LINE('',#4242,#279);
#52=LINE('',#4244,#280);
#53=LINE('',#4246,#281);
#54=LINE('',#4248,#282);
#55=LINE('',#4250,#283);
#56=LINE('',#4252,#284);
#57=LINE('',#4254,#285);
#58=LINE('',#4256,#286);
#59=LINE('',#4258,#287);
#60=LINE('',#4260,#288);
#61=LINE('',#4262,#289);
#62=LINE('',#4264,#290);
#63=LINE('',#4266,#291);
#64=LINE('',#4268,#292);
#65=LINE('',#4270,#293);
#66=LINE('',#4272,#294);
#67=LINE('',#4274,#295);
#68=LINE('',#4276,#296);
#69=LINE('',#4278,#297);
#70=LINE('',#4280,#298);
#71=LINE('',#4282,#299);
#72=LINE('',#4284,#300);
#73=LINE('',#4286,#301);
#74=LINE('',#4288,#302);
#75=LINE('',#4290,#303);
#76=LINE('',#4292,#304);
#77=LINE('',#4294,#305);
#78=LINE('',#4296,#306);
#79=LINE('',#4298,#307);
#80=LINE('',#4300,#308);
#81=LINE('',#4302,#309);
#82=LINE('',#4304,#310);
#83=LINE('',#4306,#311);
#84=LINE('',#4308,#312);
#85=LINE('',#4310,#313);
#86=LINE('',#4312,#314);
#87=LINE('',#4314,#315);
#88=LINE('',#4316,#316);
#89=LINE('',#4318,#317);
#90=LINE('',#4320,#318);
#91=LINE('',#4322,#319);
#92=LINE('',#4324,#320);
#93=LINE('',#4326,#321);
#94=LINE('',#4328,#322);
#95=LINE('',#4330,#323);
#96=LINE('',#4332,#324);
#97=LINE('',#4334,#325);
#98=LINE('',#4336,#326);
#99=LINE('',#4338,#327);
#100=LINE('',#4340,#328);
#101=LINE('',#4342,#329);
#102=LINE('',#4388,#330);
#103=LINE('',#4391,#331);
#104=LINE('',#4393,#332);
#105=LINE('',#4395,#333);
#106=LINE('',#4397,#334);
#107=LINE('',#4399,#335);
#108=LINE('',#4401,#336);
#109=LINE('',#4403,#337);
#110=LINE('',#4405,#338);
#111=LINE('',#4407,#339);
#112=LINE('',#4409,#340);
#113=LINE('',#4411,#341);
#114=LINE('',#4413,#342);
#115=LINE('',#4415,#343);
#116=LINE('',#4417,#344);
#117=LINE('',#4419,#345);
#118=LINE('',#4421,#346);
#119=LINE('',#4423,#347);
#120=LINE('',#4425,#348);
#121=LINE('',#4427,#349);
#122=LINE('',#4429,#350);
#123=LINE('',#4431,#351);
#124=LINE('',#4433,#352);
#125=LINE('',#4435,#353);
#126=LINE('',#4437,#354);
#127=LINE('',#4439,#355);
#128=LINE('',#4441,#356);
#129=LINE('',#4443,#357);
#130=LINE('',#4445,#358);
#131=LINE('',#4447,#359);
#132=LINE('',#4449,#360);
#133=LINE('',#4451,#361);
#134=LINE('',#4453,#362);
#135=LINE('',#4455,#363);
#136=LINE('',#4457,#364);
#137=LINE('',#4459,#365);
#138=LINE('',#4461,#366);
#139=LINE('',#4463,#367);
#140=LINE('',#4465,#368);
#141=LINE('',#4467,#369);
#142=LINE('',#4469,#370);
#143=LINE('',#4471,#371);
#144=LINE('',#4473,#372);
#145=LINE('',#4475,#373);
#146=LINE('',#4477,#374);
#147=LINE('',#4479,#375);
#148=LINE('',#4481,#376);
#149=LINE('',#4483,#377);
#150=LINE('',#4485,#378);
#151=LINE('',#4487,#379);
#152=LINE('',#4489,#380);
#153=LINE('',#4491,#381);
#154=LINE('',#4493,#382);
#155=LINE('',#4495,#383);
#156=LINE('',#4497,#384);
#157=LINE('',#4499,#385);
#158=LINE('',#4501,#386);
#159=LINE('',#4503,#387);
#160=LINE('',#4505,#388);
#161=LINE('',#4507,#389);
#162=LINE('',#4509,#390);
#163=LINE('',#4511,#391);
#164=LINE('',#4513,#392);
#165=LINE('',#4515,#393);
#166=LINE('',#4517,#394);
#167=LINE('',#4519,#395);
#168=LINE('',#4521,#396);
#169=LINE('',#4523,#397);
#170=LINE('',#4527,#398);
#171=LINE('',#4528,#399);
#172=LINE('',#4530,#400);
#173=LINE('',#4532,#401);
#174=LINE('',#4534,#402);
#175=LINE('',#4536,#403);
#176=LINE('',#4538,#404);
#177=LINE('',#4540,#405);
#178=LINE('',#4542,#406);
#179=LINE('',#4544,#407);
#180=LINE('',#4546,#408);
#181=LINE('',#4548,#409);
#182=LINE('',#4550,#410);
#183=LINE('',#4552,#411);
#184=LINE('',#4554,#412);
#185=LINE('',#4556,#413);
#186=LINE('',#4558,#414);
#187=LINE('',#4560,#415);
#188=LINE('',#4562,#416);
#189=LINE('',#4564,#417);
#190=LINE('',#4566,#418);
#191=LINE('',#4568,#419);
#192=LINE('',#4570,#420);
#193=LINE('',#4572,#421);
#194=LINE('',#4574,#422);
#195=LINE('',#4576,#423);
#196=LINE('',#4578,#424);
#197=LINE('',#4580,#425);
#198=LINE('',#4582,#426);
#199=LINE('',#4584,#427);
#200=LINE('',#4586,#428);
#201=LINE('',#4588,#429);
#202=LINE('',#4590,#430);
#203=LINE('',#4592,#431);
#204=LINE('',#4594,#432);
#205=LINE('',#4596,#433);
#206=LINE('',#4598,#434);
#207=LINE('',#4600,#435);
#208=LINE('',#4602,#436);
#209=LINE('',#4604,#437);
#210=LINE('',#4606,#438);
#211=LINE('',#4608,#439);
#212=LINE('',#4610,#440);
#213=LINE('',#4612,#441);
#214=LINE('',#4614,#442);
#215=LINE('',#4616,#443);
#216=LINE('',#4618,#444);
#217=LINE('',#4620,#445);
#218=LINE('',#4622,#446);
#219=LINE('',#4624,#447);
#220=LINE('',#4626,#448);
#221=LINE('',#4628,#449);
#222=LINE('',#4630,#450);
#223=LINE('',#4632,#451);
#224=LINE('',#4634,#452);
#225=LINE('',#4636,#453);
#226=LINE('',#4638,#454);
#227=LINE('',#4640,#455);
#228=LINE('',#4642,#456);
#229=LINE('',#4644,#457);
#230=LINE('',#4646,#458);
#231=LINE('',#4648,#459);
#232=LINE('',#4650,#460);
#233=LINE('',#4652,#461);
#234=LINE('',#4654,#462);
#235=LINE('',#4656,#463);
#236=LINE('',#4658,#464);
#237=LINE('',#4660,#465);
#238=VECTOR('',#3258,1.);
#239=VECTOR('',#3259,1.);
#240=VECTOR('',#3260,1.);
#241=VECTOR('',#3261,1.);
#242=VECTOR('',#3264,1.);
#243=VECTOR('',#3265,1.);
#244=VECTOR('',#3266,1.);
#245=VECTOR('',#3269,1.);
#246=VECTOR('',#3270,1.);
#247=VECTOR('',#3273,1.);
#248=VECTOR('',#3274,1.);
#249=VECTOR('',#3277,1.);
#250=VECTOR('',#3280,1.);
#251=VECTOR('',#3281,1.);
#252=VECTOR('',#3282,1.);
#253=VECTOR('',#3283,1.);
#254=VECTOR('',#3290,1.);
#255=VECTOR('',#3291,1.);
#256=VECTOR('',#3292,1.);
#257=VECTOR('',#3293,1.);
#258=VECTOR('',#3300,1.);
#259=VECTOR('',#3301,1.);
#260=VECTOR('',#3308,1.);
#261=VECTOR('',#3311,1.);
#262=VECTOR('',#3468,1.);
#263=VECTOR('',#3469,1.);
#264=VECTOR('',#3470,1.);
#265=VECTOR('',#3471,1.);
#266=VECTOR('',#3472,1.);
#267=VECTOR('',#3473,1.);
#268=VECTOR('',#3474,1.);
#269=VECTOR('',#3475,1.);
#270=VECTOR('',#3476,1.);
#271=VECTOR('',#3477,1.);
#272=VECTOR('',#3478,1.);
#273=VECTOR('',#3479,1.);
#274=VECTOR('',#3480,1.);
#275=VECTOR('',#3481,1.);
#276=VECTOR('',#3482,1.);
#277=VECTOR('',#3483,1.);
#278=VECTOR('',#3484,1.);
#279=VECTOR('',#3485,1.);
#280=VECTOR('',#3486,1.);
#281=VECTOR('',#3487,1.);
#282=VECTOR('',#3488,1.);
#283=VECTOR('',#3489,1.);
#284=VECTOR('',#3490,1.);
#285=VECTOR('',#3491,1.);
#286=VECTOR('',#3492,1.);
#287=VECTOR('',#3493,1.);
#288=VECTOR('',#3494,1.);
#289=VECTOR('',#3495,1.);
#290=VECTOR('',#3496,1.);
#291=VECTOR('',#3497,1.);
#292=VECTOR('',#3498,1.);
#293=VECTOR('',#3499,1.);
#294=VECTOR('',#3500,1.);
#295=VECTOR('',#3501,1.);
#296=VECTOR('',#3502,1.);
#297=VECTOR('',#3503,1.);
#298=VECTOR('',#3504,1.);
#299=VECTOR('',#3505,1.);
#300=VECTOR('',#3506,1.);
#301=VECTOR('',#3507,1.);
#302=VECTOR('',#3508,1.);
#303=VECTOR('',#3509,1.);
#304=VECTOR('',#3510,1.);
#305=VECTOR('',#3511,1.);
#306=VECTOR('',#3512,1.);
#307=VECTOR('',#3513,1.);
#308=VECTOR('',#3514,1.);
#309=VECTOR('',#3515,1.);
#310=VECTOR('',#3516,1.);
#311=VECTOR('',#3517,1.);
#312=VECTOR('',#3518,1.);
#313=VECTOR('',#3519,1.);
#314=VECTOR('',#3520,1.);
#315=VECTOR('',#3521,1.);
#316=VECTOR('',#3522,1.);
#317=VECTOR('',#3523,1.);
#318=VECTOR('',#3524,1.);
#319=VECTOR('',#3525,1.);
#320=VECTOR('',#3526,1.);
#321=VECTOR('',#3527,1.);
#322=VECTOR('',#3528,1.);
#323=VECTOR('',#3529,1.);
#324=VECTOR('',#3530,1.);
#325=VECTOR('',#3531,1.);
#326=VECTOR('',#3532,1.);
#327=VECTOR('',#3533,1.);
#328=VECTOR('',#3534,1.);
#329=VECTOR('',#3535,1.);
#330=VECTOR('',#3596,1.);
#331=VECTOR('',#3597,1.);
#332=VECTOR('',#3598,1.);
#333=VECTOR('',#3599,1.);
#334=VECTOR('',#3600,1.);
#335=VECTOR('',#3601,1.);
#336=VECTOR('',#3602,1.);
#337=VECTOR('',#3603,1.);
#338=VECTOR('',#3604,1.);
#339=VECTOR('',#3605,1.);
#340=VECTOR('',#3606,1.);
#341=VECTOR('',#3607,1.);
#342=VECTOR('',#3608,1.);
#343=VECTOR('',#3609,1.);
#344=VECTOR('',#3610,1.);
#345=VECTOR('',#3611,1.);
#346=VECTOR('',#3612,1.);
#347=VECTOR('',#3613,1.);
#348=VECTOR('',#3614,1.);
#349=VECTOR('',#3615,1.);
#350=VECTOR('',#3616,1.);
#351=VECTOR('',#3617,1.);
#352=VECTOR('',#3618,1.);
#353=VECTOR('',#3619,1.);
#354=VECTOR('',#3620,1.);
#355=VECTOR('',#3621,1.);
#356=VECTOR('',#3622,1.);
#357=VECTOR('',#3623,1.);
#358=VECTOR('',#3624,1.);
#359=VECTOR('',#3625,1.);
#360=VECTOR('',#3626,1.);
#361=VECTOR('',#3627,1.);
#362=VECTOR('',#3628,1.);
#363=VECTOR('',#3629,1.);
#364=VECTOR('',#3630,1.);
#365=VECTOR('',#3631,1.);
#366=VECTOR('',#3632,1.);
#367=VECTOR('',#3633,1.);
#368=VECTOR('',#3634,1.);
#369=VECTOR('',#3635,1.);
#370=VECTOR('',#3636,1.);
#371=VECTOR('',#3637,1.);
#372=VECTOR('',#3638,1.);
#373=VECTOR('',#3639,1.);
#374=VECTOR('',#3640,1.);
#375=VECTOR('',#3641,1.);
#376=VECTOR('',#3642,1.);
#377=VECTOR('',#3643,1.);
#378=VECTOR('',#3644,1.);
#379=VECTOR('',#3645,1.);
#380=VECTOR('',#3646,1.);
#381=VECTOR('',#3647,1.);
#382=VECTOR('',#3648,1.);
#383=VECTOR('',#3649,1.);
#384=VECTOR('',#3650,1.);
#385=VECTOR('',#3651,1.);
#386=VECTOR('',#3652,1.);
#387=VECTOR('',#3653,1.);
#388=VECTOR('',#3654,1.);
#389=VECTOR('',#3655,1.);
#390=VECTOR('',#3656,1.);
#391=VECTOR('',#3657,1.);
#392=VECTOR('',#3658,1.);
#393=VECTOR('',#3659,1.);
#394=VECTOR('',#3660,1.);
#395=VECTOR('',#3661,1.);
#396=VECTOR('',#3662,1.);
#397=VECTOR('',#3663,1.);
#398=VECTOR('',#3668,1.);
#399=VECTOR('',#3669,1.);
#400=VECTOR('',#3672,1.);
#401=VECTOR('',#3675,1.);
#402=VECTOR('',#3678,1.);
#403=VECTOR('',#3681,1.);
#404=VECTOR('',#3684,1.);
#405=VECTOR('',#3687,1.);
#406=VECTOR('',#3690,1.);
#407=VECTOR('',#3693,1.);
#408=VECTOR('',#3696,1.);
#409=VECTOR('',#3699,1.);
#410=VECTOR('',#3702,1.);
#411=VECTOR('',#3705,1.);
#412=VECTOR('',#3708,1.);
#413=VECTOR('',#3711,1.);
#414=VECTOR('',#3714,1.);
#415=VECTOR('',#3717,1.);
#416=VECTOR('',#3720,1.);
#417=VECTOR('',#3723,1.);
#418=VECTOR('',#3726,1.);
#419=VECTOR('',#3729,1.);
#420=VECTOR('',#3732,1.);
#421=VECTOR('',#3735,1.);
#422=VECTOR('',#3738,1.);
#423=VECTOR('',#3741,1.);
#424=VECTOR('',#3744,1.);
#425=VECTOR('',#3747,1.);
#426=VECTOR('',#3750,1.);
#427=VECTOR('',#3753,1.);
#428=VECTOR('',#3756,1.);
#429=VECTOR('',#3759,1.);
#430=VECTOR('',#3762,1.);
#431=VECTOR('',#3765,1.);
#432=VECTOR('',#3768,1.);
#433=VECTOR('',#3771,1.);
#434=VECTOR('',#3774,1.);
#435=VECTOR('',#3777,1.);
#436=VECTOR('',#3780,1.);
#437=VECTOR('',#3783,1.);
#438=VECTOR('',#3786,1.);
#439=VECTOR('',#3789,1.);
#440=VECTOR('',#3792,1.);
#441=VECTOR('',#3795,1.);
#442=VECTOR('',#3798,1.);
#443=VECTOR('',#3801,1.);
#444=VECTOR('',#3804,1.);
#445=VECTOR('',#3807,1.);
#446=VECTOR('',#3810,1.);
#447=VECTOR('',#3813,1.);
#448=VECTOR('',#3816,1.);
#449=VECTOR('',#3819,1.);
#450=VECTOR('',#3822,1.);
#451=VECTOR('',#3825,1.);
#452=VECTOR('',#3828,1.);
#453=VECTOR('',#3831,1.);
#454=VECTOR('',#3834,1.);
#455=VECTOR('',#3837,1.);
#456=VECTOR('',#3840,1.);
#457=VECTOR('',#3843,1.);
#458=VECTOR('',#3846,1.);
#459=VECTOR('',#3849,1.);
#460=VECTOR('',#3852,1.);
#461=VECTOR('',#3855,1.);
#462=VECTOR('',#3858,1.);
#463=VECTOR('',#3861,1.);
#464=VECTOR('',#3864,1.);
#465=VECTOR('',#3867,1.);
#466=SHAPE_REPRESENTATION_RELATIONSHIP('','',#2847,#476);
#467=SHAPE_REPRESENTATION_RELATIONSHIP('','',#2848,#477);
#468=SHAPE_REPRESENTATION_RELATIONSHIP('','',#2849,#478);
#469=SHAPE_REPRESENTATION_RELATIONSHIP('','',#2850,#479);
#470=SHAPE_REPRESENTATION_RELATIONSHIP('','',#2851,#480);
#471=SHAPE_REPRESENTATION_RELATIONSHIP('','',#2852,#481);
#472=SHAPE_REPRESENTATION_RELATIONSHIP('','',#2853,#482);
#473=SHAPE_REPRESENTATION_RELATIONSHIP('','',#2854,#483);
#474=SHAPE_REPRESENTATION_RELATIONSHIP('','',#2855,#484);
#475=SHAPE_REPRESENTATION_RELATIONSHIP('','',#2856,#485);
#476=ADVANCED_BREP_SHAPE_REPRESENTATION('',(#2827),#4731);
#477=ADVANCED_BREP_SHAPE_REPRESENTATION('',(#2828),#4732);
#478=ADVANCED_BREP_SHAPE_REPRESENTATION('',(#2829),#4733);
#479=ADVANCED_BREP_SHAPE_REPRESENTATION('',(#2830),#4734);
#480=ADVANCED_BREP_SHAPE_REPRESENTATION('',(#2831),#4735);
#481=ADVANCED_BREP_SHAPE_REPRESENTATION('',(#2832),#4736);
#482=ADVANCED_BREP_SHAPE_REPRESENTATION('',(#2833),#4737);
#483=ADVANCED_BREP_SHAPE_REPRESENTATION('',(#2834),#4738);
#484=ADVANCED_BREP_SHAPE_REPRESENTATION('',(#2835),#4739);
#485=ADVANCED_BREP_SHAPE_REPRESENTATION('',(#2836),#4740);
#486=CONICAL_SURFACE('',#2870,0.000445,0.785398163397448);
#487=CONICAL_SURFACE('',#2888,0.000445,0.785398163397448);
#488=CONICAL_SURFACE('',#2906,0.000445,0.785398163397448);
#489=CONICAL_SURFACE('',#2942,0.000445,0.785398163397448);
#490=CONICAL_SURFACE('',#2960,0.000445,0.785398163397448);
#491=CONICAL_SURFACE('',#2978,0.000445,0.785398163397448);
#492=CONICAL_SURFACE('',#3123,0.000445,0.785398163397448);
#493=CONICAL_SURFACE('',#3141,0.000445,0.785398163397448);
#494=PLANE('',#2862);
#495=PLANE('',#2866);
#496=PLANE('',#2880);
#497=PLANE('',#2884);
#498=PLANE('',#2898);
#499=PLANE('',#2902);
#500=PLANE('',#2912);
#501=PLANE('',#2913);
#502=PLANE('',#2914);
#503=PLANE('',#2915);
#504=PLANE('',#2916);
#505=PLANE('',#2917);
#506=PLANE('',#2920);
#507=PLANE('',#2923);
#508=PLANE('',#2926);
#509=PLANE('',#2927);
#510=PLANE('',#2928);
#511=PLANE('',#2934);
#512=PLANE('',#2938);
#513=PLANE('',#2952);
#514=PLANE('',#2956);
#515=PLANE('',#2970);
#516=PLANE('',#2974);
#517=PLANE('',#3005);
#518=PLANE('',#3014);
#519=PLANE('',#3017);
#520=PLANE('',#3020);
#521=PLANE('',#3023);
#522=PLANE('',#3026);
#523=PLANE('',#3029);
#524=PLANE('',#3032);
#525=PLANE('',#3035);
#526=PLANE('',#3037);
#527=PLANE('',#3038);
#528=PLANE('',#3039);
#529=PLANE('',#3040);
#530=PLANE('',#3041);
#531=PLANE('',#3042);
#532=PLANE('',#3043);
#533=PLANE('',#3044);
#534=PLANE('',#3045);
#535=PLANE('',#3046);
#536=PLANE('',#3047);
#537=PLANE('',#3048);
#538=PLANE('',#3049);
#539=PLANE('',#3050);
#540=PLANE('',#3051);
#541=PLANE('',#3052);
#542=PLANE('',#3053);
#543=PLANE('',#3054);
#544=PLANE('',#3055);
#545=PLANE('',#3056);
#546=PLANE('',#3057);
#547=PLANE('',#3058);
#548=PLANE('',#3059);
#549=PLANE('',#3060);
#550=PLANE('',#3061);
#551=PLANE('',#3062);
#552=PLANE('',#3063);
#553=PLANE('',#3064);
#554=PLANE('',#3065);
#555=PLANE('',#3066);
#556=PLANE('',#3067);
#557=PLANE('',#3068);
#558=PLANE('',#3069);
#559=PLANE('',#3070);
#560=PLANE('',#3071);
#561=PLANE('',#3072);
#562=PLANE('',#3073);
#563=PLANE('',#3074);
#564=PLANE('',#3075);
#565=PLANE('',#3076);
#566=PLANE('',#3077);
#567=PLANE('',#3078);
#568=PLANE('',#3079);
#569=PLANE('',#3080);
#570=PLANE('',#3081);
#571=PLANE('',#3082);
#572=PLANE('',#3083);
#573=PLANE('',#3084);
#574=PLANE('',#3085);
#575=PLANE('',#3086);
#576=PLANE('',#3087);
#577=PLANE('',#3088);
#578=PLANE('',#3089);
#579=PLANE('',#3090);
#580=PLANE('',#3091);
#581=PLANE('',#3092);
#582=PLANE('',#3093);
#583=PLANE('',#3094);
#584=PLANE('',#3095);
#585=PLANE('',#3096);
#586=PLANE('',#3097);
#587=PLANE('',#3098);
#588=PLANE('',#3099);
#589=PLANE('',#3100);
#590=PLANE('',#3101);
#591=PLANE('',#3102);
#592=PLANE('',#3103);
#593=PLANE('',#3104);
#594=PLANE('',#3109);
#595=PLANE('',#3115);
#596=PLANE('',#3119);
#597=PLANE('',#3133);
#598=PLANE('',#3137);
#599=CYLINDRICAL_SURFACE('',#2860,0.0003);
#600=CYLINDRICAL_SURFACE('',#2864,0.0009);
#601=CYLINDRICAL_SURFACE('',#2868,0.00066);
#602=CYLINDRICAL_SURFACE('',#2872,0.00023);
#603=CYLINDRICAL_SURFACE('',#2878,0.0003);
#604=CYLINDRICAL_SURFACE('',#2882,0.0009);
#605=CYLINDRICAL_SURFACE('',#2886,0.00066);
#606=CYLINDRICAL_SURFACE('',#2890,0.00023);
#607=CYLINDRICAL_SURFACE('',#2896,0.0003);
#608=CYLINDRICAL_SURFACE('',#2900,0.0009);
#609=CYLINDRICAL_SURFACE('',#2904,0.00066);
#610=CYLINDRICAL_SURFACE('',#2908,0.00023);
#611=CYLINDRICAL_SURFACE('',#2924,0.00125);
#612=CYLINDRICAL_SURFACE('',#2925,0.00125);
#613=CYLINDRICAL_SURFACE('',#2932,0.0003);
#614=CYLINDRICAL_SURFACE('',#2936,0.0009);
#615=CYLINDRICAL_SURFACE('',#2940,0.00066);
#616=CYLINDRICAL_SURFACE('',#2944,0.00023);
#617=CYLINDRICAL_SURFACE('',#2950,0.0003);
#618=CYLINDRICAL_SURFACE('',#2954,0.0009);
#619=CYLINDRICAL_SURFACE('',#2958,0.00066);
#620=CYLINDRICAL_SURFACE('',#2962,0.00023);
#621=CYLINDRICAL_SURFACE('',#2968,0.0003);
#622=CYLINDRICAL_SURFACE('',#2972,0.0009);
#623=CYLINDRICAL_SURFACE('',#2976,0.00066);
#624=CYLINDRICAL_SURFACE('',#2980,0.00023);
#625=CYLINDRICAL_SURFACE('',#2984,0.00066);
#626=CYLINDRICAL_SURFACE('',#2987,0.00066);
#627=CYLINDRICAL_SURFACE('',#2990,0.00066);
#628=CYLINDRICAL_SURFACE('',#2993,0.00066);
#629=CYLINDRICAL_SURFACE('',#2996,0.00066);
#630=CYLINDRICAL_SURFACE('',#2999,0.00066);
#631=CYLINDRICAL_SURFACE('',#3002,0.00066);
#632=CYLINDRICAL_SURFACE('',#3016,0.0009);
#633=CYLINDRICAL_SURFACE('',#3019,0.0009);
#634=CYLINDRICAL_SURFACE('',#3022,0.0009);
#635=CYLINDRICAL_SURFACE('',#3025,0.0009);
#636=CYLINDRICAL_SURFACE('',#3028,0.0009);
#637=CYLINDRICAL_SURFACE('',#3031,0.0009);
#638=CYLINDRICAL_SURFACE('',#3034,0.0009);
#639=CYLINDRICAL_SURFACE('',#3105,0.0009);
#640=CYLINDRICAL_SURFACE('',#3107,0.00066);
#641=CYLINDRICAL_SURFACE('',#3113,0.0003);
#642=CYLINDRICAL_SURFACE('',#3117,0.0009);
#643=CYLINDRICAL_SURFACE('',#3121,0.00066);
#644=CYLINDRICAL_SURFACE('',#3125,0.00023);
#645=CYLINDRICAL_SURFACE('',#3131,0.0003);
#646=CYLINDRICAL_SURFACE('',#3135,0.0009);
#647=CYLINDRICAL_SURFACE('',#3139,0.00066);
#648=CYLINDRICAL_SURFACE('',#3143,0.00023);
#649=ORIENTED_EDGE('',*,*,#1305,.T.);
#650=ORIENTED_EDGE('',*,*,#1305,.F.);
#651=ORIENTED_EDGE('',*,*,#1306,.T.);
#652=ORIENTED_EDGE('',*,*,#1307,.T.);
#653=ORIENTED_EDGE('',*,*,#1306,.F.);
#654=ORIENTED_EDGE('',*,*,#1307,.F.);
#655=ORIENTED_EDGE('',*,*,#1308,.T.);
#656=ORIENTED_EDGE('',*,*,#1308,.F.);
#657=ORIENTED_EDGE('',*,*,#1309,.T.);
#658=ORIENTED_EDGE('',*,*,#1309,.F.);
#659=ORIENTED_EDGE('',*,*,#1310,.T.);
#660=ORIENTED_EDGE('',*,*,#1310,.F.);
#661=ORIENTED_EDGE('',*,*,#1311,.T.);
#662=ORIENTED_EDGE('',*,*,#1311,.F.);
#663=ORIENTED_EDGE('',*,*,#1312,.T.);
#664=ORIENTED_EDGE('',*,*,#1312,.F.);
#665=ORIENTED_EDGE('',*,*,#1313,.T.);
#666=ORIENTED_EDGE('',*,*,#1313,.F.);
#667=ORIENTED_EDGE('',*,*,#1314,.T.);
#668=ORIENTED_EDGE('',*,*,#1315,.T.);
#669=ORIENTED_EDGE('',*,*,#1314,.F.);
#670=ORIENTED_EDGE('',*,*,#1315,.F.);
#671=ORIENTED_EDGE('',*,*,#1316,.T.);
#672=ORIENTED_EDGE('',*,*,#1316,.F.);
#673=ORIENTED_EDGE('',*,*,#1317,.T.);
#674=ORIENTED_EDGE('',*,*,#1317,.F.);
#675=ORIENTED_EDGE('',*,*,#1318,.T.);
#676=ORIENTED_EDGE('',*,*,#1318,.F.);
#677=ORIENTED_EDGE('',*,*,#1319,.T.);
#678=ORIENTED_EDGE('',*,*,#1319,.F.);
#679=ORIENTED_EDGE('',*,*,#1320,.T.);
#680=ORIENTED_EDGE('',*,*,#1320,.F.);
#681=ORIENTED_EDGE('',*,*,#1321,.T.);
#682=ORIENTED_EDGE('',*,*,#1321,.F.);
#683=ORIENTED_EDGE('',*,*,#1322,.T.);
#684=ORIENTED_EDGE('',*,*,#1323,.T.);
#685=ORIENTED_EDGE('',*,*,#1322,.F.);
#686=ORIENTED_EDGE('',*,*,#1323,.F.);
#687=ORIENTED_EDGE('',*,*,#1324,.T.);
#688=ORIENTED_EDGE('',*,*,#1324,.F.);
#689=ORIENTED_EDGE('',*,*,#1325,.T.);
#690=ORIENTED_EDGE('',*,*,#1325,.F.);
#691=ORIENTED_EDGE('',*,*,#1326,.T.);
#692=ORIENTED_EDGE('',*,*,#1326,.F.);
#693=ORIENTED_EDGE('',*,*,#1327,.T.);
#694=ORIENTED_EDGE('',*,*,#1327,.F.);
#695=ORIENTED_EDGE('',*,*,#1328,.T.);
#696=ORIENTED_EDGE('',*,*,#1328,.F.);
#697=ORIENTED_EDGE('',*,*,#1329,.F.);
#698=ORIENTED_EDGE('',*,*,#1330,.T.);
#699=ORIENTED_EDGE('',*,*,#1331,.T.);
#700=ORIENTED_EDGE('',*,*,#1332,.F.);
#701=ORIENTED_EDGE('',*,*,#1333,.T.);
#702=ORIENTED_EDGE('',*,*,#1334,.T.);
#703=ORIENTED_EDGE('',*,*,#1335,.F.);
#704=ORIENTED_EDGE('',*,*,#1332,.T.);
#705=ORIENTED_EDGE('',*,*,#1336,.F.);
#706=ORIENTED_EDGE('',*,*,#1333,.F.);
#707=ORIENTED_EDGE('',*,*,#1331,.F.);
#708=ORIENTED_EDGE('',*,*,#1337,.T.);
#709=ORIENTED_EDGE('',*,*,#1338,.F.);
#710=ORIENTED_EDGE('',*,*,#1337,.F.);
#711=ORIENTED_EDGE('',*,*,#1330,.F.);
#712=ORIENTED_EDGE('',*,*,#1339,.T.);
#713=ORIENTED_EDGE('',*,*,#1335,.T.);
#714=ORIENTED_EDGE('',*,*,#1340,.T.);
#715=ORIENTED_EDGE('',*,*,#1339,.F.);
#716=ORIENTED_EDGE('',*,*,#1329,.T.);
#717=ORIENTED_EDGE('',*,*,#1341,.T.);
#718=ORIENTED_EDGE('',*,*,#1342,.T.);
#719=ORIENTED_EDGE('',*,*,#1343,.F.);
#720=ORIENTED_EDGE('',*,*,#1344,.F.);
#721=ORIENTED_EDGE('',*,*,#1345,.T.);
#722=ORIENTED_EDGE('',*,*,#1346,.T.);
#723=ORIENTED_EDGE('',*,*,#1347,.F.);
#724=ORIENTED_EDGE('',*,*,#1348,.T.);
#725=ORIENTED_EDGE('',*,*,#1349,.T.);
#726=ORIENTED_EDGE('',*,*,#1350,.F.);
#727=ORIENTED_EDGE('',*,*,#1351,.F.);
#728=ORIENTED_EDGE('',*,*,#1352,.F.);
#729=ORIENTED_EDGE('',*,*,#1340,.F.);
#730=ORIENTED_EDGE('',*,*,#1334,.F.);
#731=ORIENTED_EDGE('',*,*,#1336,.T.);
#732=ORIENTED_EDGE('',*,*,#1338,.T.);
#733=ORIENTED_EDGE('',*,*,#1342,.F.);
#734=ORIENTED_EDGE('',*,*,#1353,.F.);
#735=ORIENTED_EDGE('',*,*,#1350,.T.);
#736=ORIENTED_EDGE('',*,*,#1354,.T.);
#737=ORIENTED_EDGE('',*,*,#1346,.F.);
#738=ORIENTED_EDGE('',*,*,#1352,.T.);
#739=ORIENTED_EDGE('',*,*,#1345,.F.);
#740=ORIENTED_EDGE('',*,*,#1351,.T.);
#741=ORIENTED_EDGE('',*,*,#1343,.T.);
#742=ORIENTED_EDGE('',*,*,#1354,.F.);
#743=ORIENTED_EDGE('',*,*,#1349,.F.);
#744=ORIENTED_EDGE('',*,*,#1355,.T.);
#745=ORIENTED_EDGE('',*,*,#1344,.T.);
#746=ORIENTED_EDGE('',*,*,#1355,.F.);
#747=ORIENTED_EDGE('',*,*,#1348,.F.);
#748=ORIENTED_EDGE('',*,*,#1356,.T.);
#749=ORIENTED_EDGE('',*,*,#1341,.F.);
#750=ORIENTED_EDGE('',*,*,#1356,.F.);
#751=ORIENTED_EDGE('',*,*,#1347,.T.);
#752=ORIENTED_EDGE('',*,*,#1353,.T.);
#753=ORIENTED_EDGE('',*,*,#1357,.T.);
#754=ORIENTED_EDGE('',*,*,#1357,.F.);
#755=ORIENTED_EDGE('',*,*,#1358,.T.);
#756=ORIENTED_EDGE('',*,*,#1359,.T.);
#757=ORIENTED_EDGE('',*,*,#1358,.F.);
#758=ORIENTED_EDGE('',*,*,#1359,.F.);
#759=ORIENTED_EDGE('',*,*,#1360,.T.);
#760=ORIENTED_EDGE('',*,*,#1360,.F.);
#761=ORIENTED_EDGE('',*,*,#1361,.T.);
#762=ORIENTED_EDGE('',*,*,#1361,.F.);
#763=ORIENTED_EDGE('',*,*,#1362,.T.);
#764=ORIENTED_EDGE('',*,*,#1362,.F.);
#765=ORIENTED_EDGE('',*,*,#1363,.T.);
#766=ORIENTED_EDGE('',*,*,#1363,.F.);
#767=ORIENTED_EDGE('',*,*,#1364,.T.);
#768=ORIENTED_EDGE('',*,*,#1364,.F.);
#769=ORIENTED_EDGE('',*,*,#1365,.T.);
#770=ORIENTED_EDGE('',*,*,#1365,.F.);
#771=ORIENTED_EDGE('',*,*,#1366,.T.);
#772=ORIENTED_EDGE('',*,*,#1367,.T.);
#773=ORIENTED_EDGE('',*,*,#1366,.F.);
#774=ORIENTED_EDGE('',*,*,#1367,.F.);
#775=ORIENTED_EDGE('',*,*,#1368,.T.);
#776=ORIENTED_EDGE('',*,*,#1368,.F.);
#777=ORIENTED_EDGE('',*,*,#1369,.T.);
#778=ORIENTED_EDGE('',*,*,#1369,.F.);
#779=ORIENTED_EDGE('',*,*,#1370,.T.);
#780=ORIENTED_EDGE('',*,*,#1370,.F.);
#781=ORIENTED_EDGE('',*,*,#1371,.T.);
#782=ORIENTED_EDGE('',*,*,#1371,.F.);
#783=ORIENTED_EDGE('',*,*,#1372,.T.);
#784=ORIENTED_EDGE('',*,*,#1372,.F.);
#785=ORIENTED_EDGE('',*,*,#1373,.T.);
#786=ORIENTED_EDGE('',*,*,#1373,.F.);
#787=ORIENTED_EDGE('',*,*,#1374,.T.);
#788=ORIENTED_EDGE('',*,*,#1375,.T.);
#789=ORIENTED_EDGE('',*,*,#1374,.F.);
#790=ORIENTED_EDGE('',*,*,#1375,.F.);
#791=ORIENTED_EDGE('',*,*,#1376,.T.);
#792=ORIENTED_EDGE('',*,*,#1376,.F.);
#793=ORIENTED_EDGE('',*,*,#1377,.T.);
#794=ORIENTED_EDGE('',*,*,#1377,.F.);
#795=ORIENTED_EDGE('',*,*,#1378,.T.);
#796=ORIENTED_EDGE('',*,*,#1378,.F.);
#797=ORIENTED_EDGE('',*,*,#1379,.T.);
#798=ORIENTED_EDGE('',*,*,#1379,.F.);
#799=ORIENTED_EDGE('',*,*,#1380,.T.);
#800=ORIENTED_EDGE('',*,*,#1380,.F.);
#801=ORIENTED_EDGE('',*,*,#1381,.F.);
#802=ORIENTED_EDGE('',*,*,#1382,.T.);
#803=ORIENTED_EDGE('',*,*,#1383,.F.);
#804=ORIENTED_EDGE('',*,*,#1384,.T.);
#805=ORIENTED_EDGE('',*,*,#1385,.F.);
#806=ORIENTED_EDGE('',*,*,#1386,.T.);
#807=ORIENTED_EDGE('',*,*,#1387,.F.);
#808=ORIENTED_EDGE('',*,*,#1388,.T.);
#809=ORIENTED_EDGE('',*,*,#1389,.F.);
#810=ORIENTED_EDGE('',*,*,#1390,.T.);
#811=ORIENTED_EDGE('',*,*,#1391,.F.);
#812=ORIENTED_EDGE('',*,*,#1392,.T.);
#813=ORIENTED_EDGE('',*,*,#1393,.F.);
#814=ORIENTED_EDGE('',*,*,#1394,.T.);
#815=ORIENTED_EDGE('',*,*,#1395,.T.);
#816=ORIENTED_EDGE('',*,*,#1396,.T.);
#817=ORIENTED_EDGE('',*,*,#1397,.T.);
#818=ORIENTED_EDGE('',*,*,#1398,.T.);
#819=ORIENTED_EDGE('',*,*,#1399,.T.);
#820=ORIENTED_EDGE('',*,*,#1400,.T.);
#821=ORIENTED_EDGE('',*,*,#1401,.T.);
#822=ORIENTED_EDGE('',*,*,#1402,.T.);
#823=ORIENTED_EDGE('',*,*,#1403,.T.);
#824=ORIENTED_EDGE('',*,*,#1404,.T.);
#825=ORIENTED_EDGE('',*,*,#1405,.T.);
#826=ORIENTED_EDGE('',*,*,#1406,.T.);
#827=ORIENTED_EDGE('',*,*,#1407,.T.);
#828=ORIENTED_EDGE('',*,*,#1408,.T.);
#829=ORIENTED_EDGE('',*,*,#1409,.T.);
#830=ORIENTED_EDGE('',*,*,#1410,.T.);
#831=ORIENTED_EDGE('',*,*,#1411,.T.);
#832=ORIENTED_EDGE('',*,*,#1412,.T.);
#833=ORIENTED_EDGE('',*,*,#1413,.T.);
#834=ORIENTED_EDGE('',*,*,#1414,.T.);
#835=ORIENTED_EDGE('',*,*,#1415,.T.);
#836=ORIENTED_EDGE('',*,*,#1416,.T.);
#837=ORIENTED_EDGE('',*,*,#1417,.T.);
#838=ORIENTED_EDGE('',*,*,#1418,.T.);
#839=ORIENTED_EDGE('',*,*,#1419,.T.);
#840=ORIENTED_EDGE('',*,*,#1420,.T.);
#841=ORIENTED_EDGE('',*,*,#1421,.T.);
#842=ORIENTED_EDGE('',*,*,#1422,.T.);
#843=ORIENTED_EDGE('',*,*,#1423,.T.);
#844=ORIENTED_EDGE('',*,*,#1424,.T.);
#845=ORIENTED_EDGE('',*,*,#1425,.T.);
#846=ORIENTED_EDGE('',*,*,#1426,.T.);
#847=ORIENTED_EDGE('',*,*,#1427,.T.);
#848=ORIENTED_EDGE('',*,*,#1428,.T.);
#849=ORIENTED_EDGE('',*,*,#1429,.T.);
#850=ORIENTED_EDGE('',*,*,#1430,.T.);
#851=ORIENTED_EDGE('',*,*,#1431,.T.);
#852=ORIENTED_EDGE('',*,*,#1432,.T.);
#853=ORIENTED_EDGE('',*,*,#1433,.T.);
#854=ORIENTED_EDGE('',*,*,#1434,.T.);
#855=ORIENTED_EDGE('',*,*,#1435,.T.);
#856=ORIENTED_EDGE('',*,*,#1436,.T.);
#857=ORIENTED_EDGE('',*,*,#1437,.T.);
#858=ORIENTED_EDGE('',*,*,#1438,.T.);
#859=ORIENTED_EDGE('',*,*,#1439,.T.);
#860=ORIENTED_EDGE('',*,*,#1440,.T.);
#861=ORIENTED_EDGE('',*,*,#1441,.T.);
#862=ORIENTED_EDGE('',*,*,#1442,.T.);
#863=ORIENTED_EDGE('',*,*,#1443,.T.);
#864=ORIENTED_EDGE('',*,*,#1444,.T.);
#865=ORIENTED_EDGE('',*,*,#1445,.T.);
#866=ORIENTED_EDGE('',*,*,#1446,.T.);
#867=ORIENTED_EDGE('',*,*,#1447,.T.);
#868=ORIENTED_EDGE('',*,*,#1448,.T.);
#869=ORIENTED_EDGE('',*,*,#1449,.T.);
#870=ORIENTED_EDGE('',*,*,#1450,.T.);
#871=ORIENTED_EDGE('',*,*,#1451,.T.);
#872=ORIENTED_EDGE('',*,*,#1452,.T.);
#873=ORIENTED_EDGE('',*,*,#1453,.T.);
#874=ORIENTED_EDGE('',*,*,#1454,.T.);
#875=ORIENTED_EDGE('',*,*,#1455,.T.);
#876=ORIENTED_EDGE('',*,*,#1456,.T.);
#877=ORIENTED_EDGE('',*,*,#1457,.T.);
#878=ORIENTED_EDGE('',*,*,#1458,.T.);
#879=ORIENTED_EDGE('',*,*,#1459,.T.);
#880=ORIENTED_EDGE('',*,*,#1460,.T.);
#881=ORIENTED_EDGE('',*,*,#1461,.T.);
#882=ORIENTED_EDGE('',*,*,#1462,.T.);
#883=ORIENTED_EDGE('',*,*,#1463,.F.);
#884=ORIENTED_EDGE('',*,*,#1464,.F.);
#885=ORIENTED_EDGE('',*,*,#1465,.F.);
#886=ORIENTED_EDGE('',*,*,#1466,.F.);
#887=ORIENTED_EDGE('',*,*,#1467,.F.);
#888=ORIENTED_EDGE('',*,*,#1468,.F.);
#889=ORIENTED_EDGE('',*,*,#1469,.F.);
#890=ORIENTED_EDGE('',*,*,#1470,.F.);
#891=ORIENTED_EDGE('',*,*,#1471,.T.);
#892=ORIENTED_EDGE('',*,*,#1384,.F.);
#893=ORIENTED_EDGE('',*,*,#1471,.F.);
#894=ORIENTED_EDGE('',*,*,#1469,.T.);
#895=ORIENTED_EDGE('',*,*,#1472,.T.);
#896=ORIENTED_EDGE('',*,*,#1382,.F.);
#897=ORIENTED_EDGE('',*,*,#1472,.F.);
#898=ORIENTED_EDGE('',*,*,#1468,.T.);
#899=ORIENTED_EDGE('',*,*,#1473,.T.);
#900=ORIENTED_EDGE('',*,*,#1386,.F.);
#901=ORIENTED_EDGE('',*,*,#1473,.F.);
#902=ORIENTED_EDGE('',*,*,#1467,.T.);
#903=ORIENTED_EDGE('',*,*,#1474,.T.);
#904=ORIENTED_EDGE('',*,*,#1388,.F.);
#905=ORIENTED_EDGE('',*,*,#1474,.F.);
#906=ORIENTED_EDGE('',*,*,#1466,.T.);
#907=ORIENTED_EDGE('',*,*,#1475,.T.);
#908=ORIENTED_EDGE('',*,*,#1390,.F.);
#909=ORIENTED_EDGE('',*,*,#1475,.F.);
#910=ORIENTED_EDGE('',*,*,#1465,.T.);
#911=ORIENTED_EDGE('',*,*,#1476,.T.);
#912=ORIENTED_EDGE('',*,*,#1392,.F.);
#913=ORIENTED_EDGE('',*,*,#1476,.F.);
#914=ORIENTED_EDGE('',*,*,#1464,.T.);
#915=ORIENTED_EDGE('',*,*,#1477,.T.);
#916=ORIENTED_EDGE('',*,*,#1394,.F.);
#917=ORIENTED_EDGE('',*,*,#1477,.F.);
#918=ORIENTED_EDGE('',*,*,#1463,.T.);
#919=ORIENTED_EDGE('',*,*,#1478,.F.);
#920=ORIENTED_EDGE('',*,*,#1479,.F.);
#921=ORIENTED_EDGE('',*,*,#1480,.F.);
#922=ORIENTED_EDGE('',*,*,#1481,.F.);
#923=ORIENTED_EDGE('',*,*,#1482,.F.);
#924=ORIENTED_EDGE('',*,*,#1483,.F.);
#925=ORIENTED_EDGE('',*,*,#1484,.F.);
#926=ORIENTED_EDGE('',*,*,#1485,.F.);
#927=ORIENTED_EDGE('',*,*,#1486,.F.);
#928=ORIENTED_EDGE('',*,*,#1487,.F.);
#929=ORIENTED_EDGE('',*,*,#1488,.F.);
#930=ORIENTED_EDGE('',*,*,#1489,.F.);
#931=ORIENTED_EDGE('',*,*,#1490,.F.);
#932=ORIENTED_EDGE('',*,*,#1491,.F.);
#933=ORIENTED_EDGE('',*,*,#1492,.F.);
#934=ORIENTED_EDGE('',*,*,#1493,.F.);
#935=ORIENTED_EDGE('',*,*,#1494,.F.);
#936=ORIENTED_EDGE('',*,*,#1495,.F.);
#937=ORIENTED_EDGE('',*,*,#1496,.F.);
#938=ORIENTED_EDGE('',*,*,#1497,.F.);
#939=ORIENTED_EDGE('',*,*,#1498,.F.);
#940=ORIENTED_EDGE('',*,*,#1499,.F.);
#941=ORIENTED_EDGE('',*,*,#1500,.F.);
#942=ORIENTED_EDGE('',*,*,#1501,.F.);
#943=ORIENTED_EDGE('',*,*,#1502,.F.);
#944=ORIENTED_EDGE('',*,*,#1503,.F.);
#945=ORIENTED_EDGE('',*,*,#1504,.F.);
#946=ORIENTED_EDGE('',*,*,#1505,.F.);
#947=ORIENTED_EDGE('',*,*,#1506,.F.);
#948=ORIENTED_EDGE('',*,*,#1507,.F.);
#949=ORIENTED_EDGE('',*,*,#1508,.F.);
#950=ORIENTED_EDGE('',*,*,#1509,.F.);
#951=ORIENTED_EDGE('',*,*,#1510,.F.);
#952=ORIENTED_EDGE('',*,*,#1511,.F.);
#953=ORIENTED_EDGE('',*,*,#1512,.F.);
#954=ORIENTED_EDGE('',*,*,#1513,.F.);
#955=ORIENTED_EDGE('',*,*,#1514,.F.);
#956=ORIENTED_EDGE('',*,*,#1515,.F.);
#957=ORIENTED_EDGE('',*,*,#1516,.F.);
#958=ORIENTED_EDGE('',*,*,#1517,.F.);
#959=ORIENTED_EDGE('',*,*,#1518,.F.);
#960=ORIENTED_EDGE('',*,*,#1519,.F.);
#961=ORIENTED_EDGE('',*,*,#1520,.F.);
#962=ORIENTED_EDGE('',*,*,#1521,.F.);
#963=ORIENTED_EDGE('',*,*,#1522,.F.);
#964=ORIENTED_EDGE('',*,*,#1523,.F.);
#965=ORIENTED_EDGE('',*,*,#1524,.F.);
#966=ORIENTED_EDGE('',*,*,#1525,.F.);
#967=ORIENTED_EDGE('',*,*,#1526,.F.);
#968=ORIENTED_EDGE('',*,*,#1527,.F.);
#969=ORIENTED_EDGE('',*,*,#1528,.F.);
#970=ORIENTED_EDGE('',*,*,#1529,.F.);
#971=ORIENTED_EDGE('',*,*,#1530,.F.);
#972=ORIENTED_EDGE('',*,*,#1531,.F.);
#973=ORIENTED_EDGE('',*,*,#1532,.F.);
#974=ORIENTED_EDGE('',*,*,#1533,.F.);
#975=ORIENTED_EDGE('',*,*,#1534,.F.);
#976=ORIENTED_EDGE('',*,*,#1535,.F.);
#977=ORIENTED_EDGE('',*,*,#1536,.F.);
#978=ORIENTED_EDGE('',*,*,#1537,.F.);
#979=ORIENTED_EDGE('',*,*,#1538,.F.);
#980=ORIENTED_EDGE('',*,*,#1539,.F.);
#981=ORIENTED_EDGE('',*,*,#1540,.F.);
#982=ORIENTED_EDGE('',*,*,#1541,.F.);
#983=ORIENTED_EDGE('',*,*,#1542,.F.);
#984=ORIENTED_EDGE('',*,*,#1543,.F.);
#985=ORIENTED_EDGE('',*,*,#1544,.F.);
#986=ORIENTED_EDGE('',*,*,#1545,.F.);
#987=ORIENTED_EDGE('',*,*,#1546,.T.);
#988=ORIENTED_EDGE('',*,*,#1393,.T.);
#989=ORIENTED_EDGE('',*,*,#1391,.T.);
#990=ORIENTED_EDGE('',*,*,#1389,.T.);
#991=ORIENTED_EDGE('',*,*,#1387,.T.);
#992=ORIENTED_EDGE('',*,*,#1385,.T.);
#993=ORIENTED_EDGE('',*,*,#1383,.T.);
#994=ORIENTED_EDGE('',*,*,#1381,.T.);
#995=ORIENTED_EDGE('',*,*,#1545,.T.);
#996=ORIENTED_EDGE('',*,*,#1547,.T.);
#997=ORIENTED_EDGE('',*,*,#1395,.F.);
#998=ORIENTED_EDGE('',*,*,#1548,.F.);
#999=ORIENTED_EDGE('',*,*,#1544,.T.);
#1000=ORIENTED_EDGE('',*,*,#1549,.T.);
#1001=ORIENTED_EDGE('',*,*,#1396,.F.);
#1002=ORIENTED_EDGE('',*,*,#1547,.F.);
#1003=ORIENTED_EDGE('',*,*,#1543,.T.);
#1004=ORIENTED_EDGE('',*,*,#1550,.T.);
#1005=ORIENTED_EDGE('',*,*,#1397,.F.);
#1006=ORIENTED_EDGE('',*,*,#1549,.F.);
#1007=ORIENTED_EDGE('',*,*,#1542,.T.);
#1008=ORIENTED_EDGE('',*,*,#1551,.T.);
#1009=ORIENTED_EDGE('',*,*,#1398,.F.);
#1010=ORIENTED_EDGE('',*,*,#1550,.F.);
#1011=ORIENTED_EDGE('',*,*,#1541,.T.);
#1012=ORIENTED_EDGE('',*,*,#1552,.T.);
#1013=ORIENTED_EDGE('',*,*,#1399,.F.);
#1014=ORIENTED_EDGE('',*,*,#1551,.F.);
#1015=ORIENTED_EDGE('',*,*,#1540,.T.);
#1016=ORIENTED_EDGE('',*,*,#1553,.T.);
#1017=ORIENTED_EDGE('',*,*,#1400,.F.);
#1018=ORIENTED_EDGE('',*,*,#1552,.F.);
#1019=ORIENTED_EDGE('',*,*,#1539,.T.);
#1020=ORIENTED_EDGE('',*,*,#1554,.T.);
#1021=ORIENTED_EDGE('',*,*,#1401,.F.);
#1022=ORIENTED_EDGE('',*,*,#1553,.F.);
#1023=ORIENTED_EDGE('',*,*,#1538,.T.);
#1024=ORIENTED_EDGE('',*,*,#1555,.T.);
#1025=ORIENTED_EDGE('',*,*,#1402,.F.);
#1026=ORIENTED_EDGE('',*,*,#1554,.F.);
#1027=ORIENTED_EDGE('',*,*,#1537,.T.);
#1028=ORIENTED_EDGE('',*,*,#1556,.T.);
#1029=ORIENTED_EDGE('',*,*,#1403,.F.);
#1030=ORIENTED_EDGE('',*,*,#1555,.F.);
#1031=ORIENTED_EDGE('',*,*,#1536,.T.);
#1032=ORIENTED_EDGE('',*,*,#1557,.T.);
#1033=ORIENTED_EDGE('',*,*,#1404,.F.);
#1034=ORIENTED_EDGE('',*,*,#1556,.F.);
#1035=ORIENTED_EDGE('',*,*,#1535,.T.);
#1036=ORIENTED_EDGE('',*,*,#1558,.T.);
#1037=ORIENTED_EDGE('',*,*,#1405,.F.);
#1038=ORIENTED_EDGE('',*,*,#1557,.F.);
#1039=ORIENTED_EDGE('',*,*,#1534,.T.);
#1040=ORIENTED_EDGE('',*,*,#1559,.T.);
#1041=ORIENTED_EDGE('',*,*,#1406,.F.);
#1042=ORIENTED_EDGE('',*,*,#1558,.F.);
#1043=ORIENTED_EDGE('',*,*,#1533,.T.);
#1044=ORIENTED_EDGE('',*,*,#1560,.T.);
#1045=ORIENTED_EDGE('',*,*,#1407,.F.);
#1046=ORIENTED_EDGE('',*,*,#1559,.F.);
#1047=ORIENTED_EDGE('',*,*,#1532,.T.);
#1048=ORIENTED_EDGE('',*,*,#1561,.T.);
#1049=ORIENTED_EDGE('',*,*,#1408,.F.);
#1050=ORIENTED_EDGE('',*,*,#1560,.F.);
#1051=ORIENTED_EDGE('',*,*,#1531,.T.);
#1052=ORIENTED_EDGE('',*,*,#1562,.T.);
#1053=ORIENTED_EDGE('',*,*,#1409,.F.);
#1054=ORIENTED_EDGE('',*,*,#1561,.F.);
#1055=ORIENTED_EDGE('',*,*,#1530,.T.);
#1056=ORIENTED_EDGE('',*,*,#1563,.T.);
#1057=ORIENTED_EDGE('',*,*,#1410,.F.);
#1058=ORIENTED_EDGE('',*,*,#1562,.F.);
#1059=ORIENTED_EDGE('',*,*,#1529,.T.);
#1060=ORIENTED_EDGE('',*,*,#1564,.T.);
#1061=ORIENTED_EDGE('',*,*,#1411,.F.);
#1062=ORIENTED_EDGE('',*,*,#1563,.F.);
#1063=ORIENTED_EDGE('',*,*,#1528,.T.);
#1064=ORIENTED_EDGE('',*,*,#1565,.T.);
#1065=ORIENTED_EDGE('',*,*,#1412,.F.);
#1066=ORIENTED_EDGE('',*,*,#1564,.F.);
#1067=ORIENTED_EDGE('',*,*,#1527,.T.);
#1068=ORIENTED_EDGE('',*,*,#1566,.T.);
#1069=ORIENTED_EDGE('',*,*,#1413,.F.);
#1070=ORIENTED_EDGE('',*,*,#1565,.F.);
#1071=ORIENTED_EDGE('',*,*,#1526,.T.);
#1072=ORIENTED_EDGE('',*,*,#1567,.T.);
#1073=ORIENTED_EDGE('',*,*,#1414,.F.);
#1074=ORIENTED_EDGE('',*,*,#1566,.F.);
#1075=ORIENTED_EDGE('',*,*,#1525,.T.);
#1076=ORIENTED_EDGE('',*,*,#1568,.T.);
#1077=ORIENTED_EDGE('',*,*,#1415,.F.);
#1078=ORIENTED_EDGE('',*,*,#1567,.F.);
#1079=ORIENTED_EDGE('',*,*,#1524,.T.);
#1080=ORIENTED_EDGE('',*,*,#1569,.T.);
#1081=ORIENTED_EDGE('',*,*,#1416,.F.);
#1082=ORIENTED_EDGE('',*,*,#1568,.F.);
#1083=ORIENTED_EDGE('',*,*,#1523,.T.);
#1084=ORIENTED_EDGE('',*,*,#1570,.T.);
#1085=ORIENTED_EDGE('',*,*,#1417,.F.);
#1086=ORIENTED_EDGE('',*,*,#1569,.F.);
#1087=ORIENTED_EDGE('',*,*,#1522,.T.);
#1088=ORIENTED_EDGE('',*,*,#1571,.T.);
#1089=ORIENTED_EDGE('',*,*,#1418,.F.);
#1090=ORIENTED_EDGE('',*,*,#1570,.F.);
#1091=ORIENTED_EDGE('',*,*,#1521,.T.);
#1092=ORIENTED_EDGE('',*,*,#1572,.T.);
#1093=ORIENTED_EDGE('',*,*,#1419,.F.);
#1094=ORIENTED_EDGE('',*,*,#1571,.F.);
#1095=ORIENTED_EDGE('',*,*,#1520,.T.);
#1096=ORIENTED_EDGE('',*,*,#1573,.T.);
#1097=ORIENTED_EDGE('',*,*,#1420,.F.);
#1098=ORIENTED_EDGE('',*,*,#1572,.F.);
#1099=ORIENTED_EDGE('',*,*,#1519,.T.);
#1100=ORIENTED_EDGE('',*,*,#1574,.T.);
#1101=ORIENTED_EDGE('',*,*,#1421,.F.);
#1102=ORIENTED_EDGE('',*,*,#1573,.F.);
#1103=ORIENTED_EDGE('',*,*,#1518,.T.);
#1104=ORIENTED_EDGE('',*,*,#1575,.T.);
#1105=ORIENTED_EDGE('',*,*,#1422,.F.);
#1106=ORIENTED_EDGE('',*,*,#1574,.F.);
#1107=ORIENTED_EDGE('',*,*,#1576,.T.);
#1108=ORIENTED_EDGE('',*,*,#1423,.F.);
#1109=ORIENTED_EDGE('',*,*,#1575,.F.);
#1110=ORIENTED_EDGE('',*,*,#1517,.T.);
#1111=ORIENTED_EDGE('',*,*,#1516,.T.);
#1112=ORIENTED_EDGE('',*,*,#1577,.T.);
#1113=ORIENTED_EDGE('',*,*,#1424,.F.);
#1114=ORIENTED_EDGE('',*,*,#1576,.F.);
#1115=ORIENTED_EDGE('',*,*,#1515,.T.);
#1116=ORIENTED_EDGE('',*,*,#1578,.T.);
#1117=ORIENTED_EDGE('',*,*,#1425,.F.);
#1118=ORIENTED_EDGE('',*,*,#1577,.F.);
#1119=ORIENTED_EDGE('',*,*,#1514,.T.);
#1120=ORIENTED_EDGE('',*,*,#1579,.T.);
#1121=ORIENTED_EDGE('',*,*,#1426,.F.);
#1122=ORIENTED_EDGE('',*,*,#1578,.F.);
#1123=ORIENTED_EDGE('',*,*,#1513,.T.);
#1124=ORIENTED_EDGE('',*,*,#1580,.T.);
#1125=ORIENTED_EDGE('',*,*,#1427,.F.);
#1126=ORIENTED_EDGE('',*,*,#1579,.F.);
#1127=ORIENTED_EDGE('',*,*,#1512,.T.);
#1128=ORIENTED_EDGE('',*,*,#1581,.T.);
#1129=ORIENTED_EDGE('',*,*,#1428,.F.);
#1130=ORIENTED_EDGE('',*,*,#1580,.F.);
#1131=ORIENTED_EDGE('',*,*,#1511,.T.);
#1132=ORIENTED_EDGE('',*,*,#1582,.T.);
#1133=ORIENTED_EDGE('',*,*,#1429,.F.);
#1134=ORIENTED_EDGE('',*,*,#1581,.F.);
#1135=ORIENTED_EDGE('',*,*,#1510,.T.);
#1136=ORIENTED_EDGE('',*,*,#1583,.T.);
#1137=ORIENTED_EDGE('',*,*,#1430,.F.);
#1138=ORIENTED_EDGE('',*,*,#1582,.F.);
#1139=ORIENTED_EDGE('',*,*,#1509,.T.);
#1140=ORIENTED_EDGE('',*,*,#1584,.T.);
#1141=ORIENTED_EDGE('',*,*,#1431,.F.);
#1142=ORIENTED_EDGE('',*,*,#1583,.F.);
#1143=ORIENTED_EDGE('',*,*,#1508,.T.);
#1144=ORIENTED_EDGE('',*,*,#1585,.T.);
#1145=ORIENTED_EDGE('',*,*,#1432,.F.);
#1146=ORIENTED_EDGE('',*,*,#1584,.F.);
#1147=ORIENTED_EDGE('',*,*,#1507,.T.);
#1148=ORIENTED_EDGE('',*,*,#1586,.T.);
#1149=ORIENTED_EDGE('',*,*,#1433,.F.);
#1150=ORIENTED_EDGE('',*,*,#1585,.F.);
#1151=ORIENTED_EDGE('',*,*,#1506,.T.);
#1152=ORIENTED_EDGE('',*,*,#1587,.T.);
#1153=ORIENTED_EDGE('',*,*,#1434,.F.);
#1154=ORIENTED_EDGE('',*,*,#1586,.F.);
#1155=ORIENTED_EDGE('',*,*,#1505,.T.);
#1156=ORIENTED_EDGE('',*,*,#1588,.T.);
#1157=ORIENTED_EDGE('',*,*,#1435,.F.);
#1158=ORIENTED_EDGE('',*,*,#1587,.F.);
#1159=ORIENTED_EDGE('',*,*,#1504,.T.);
#1160=ORIENTED_EDGE('',*,*,#1589,.T.);
#1161=ORIENTED_EDGE('',*,*,#1436,.F.);
#1162=ORIENTED_EDGE('',*,*,#1588,.F.);
#1163=ORIENTED_EDGE('',*,*,#1590,.T.);
#1164=ORIENTED_EDGE('',*,*,#1437,.F.);
#1165=ORIENTED_EDGE('',*,*,#1589,.F.);
#1166=ORIENTED_EDGE('',*,*,#1503,.T.);
#1167=ORIENTED_EDGE('',*,*,#1502,.T.);
#1168=ORIENTED_EDGE('',*,*,#1591,.T.);
#1169=ORIENTED_EDGE('',*,*,#1438,.F.);
#1170=ORIENTED_EDGE('',*,*,#1590,.F.);
#1171=ORIENTED_EDGE('',*,*,#1501,.T.);
#1172=ORIENTED_EDGE('',*,*,#1592,.T.);
#1173=ORIENTED_EDGE('',*,*,#1439,.F.);
#1174=ORIENTED_EDGE('',*,*,#1591,.F.);
#1175=ORIENTED_EDGE('',*,*,#1500,.T.);
#1176=ORIENTED_EDGE('',*,*,#1593,.T.);
#1177=ORIENTED_EDGE('',*,*,#1440,.F.);
#1178=ORIENTED_EDGE('',*,*,#1592,.F.);
#1179=ORIENTED_EDGE('',*,*,#1594,.T.);
#1180=ORIENTED_EDGE('',*,*,#1441,.F.);
#1181=ORIENTED_EDGE('',*,*,#1593,.F.);
#1182=ORIENTED_EDGE('',*,*,#1499,.T.);
#1183=ORIENTED_EDGE('',*,*,#1498,.T.);
#1184=ORIENTED_EDGE('',*,*,#1595,.T.);
#1185=ORIENTED_EDGE('',*,*,#1442,.F.);
#1186=ORIENTED_EDGE('',*,*,#1594,.F.);
#1187=ORIENTED_EDGE('',*,*,#1497,.T.);
#1188=ORIENTED_EDGE('',*,*,#1596,.T.);
#1189=ORIENTED_EDGE('',*,*,#1443,.F.);
#1190=ORIENTED_EDGE('',*,*,#1595,.F.);
#1191=ORIENTED_EDGE('',*,*,#1496,.T.);
#1192=ORIENTED_EDGE('',*,*,#1597,.T.);
#1193=ORIENTED_EDGE('',*,*,#1444,.F.);
#1194=ORIENTED_EDGE('',*,*,#1596,.F.);
#1195=ORIENTED_EDGE('',*,*,#1598,.T.);
#1196=ORIENTED_EDGE('',*,*,#1445,.F.);
#1197=ORIENTED_EDGE('',*,*,#1597,.F.);
#1198=ORIENTED_EDGE('',*,*,#1495,.T.);
#1199=ORIENTED_EDGE('',*,*,#1494,.T.);
#1200=ORIENTED_EDGE('',*,*,#1599,.T.);
#1201=ORIENTED_EDGE('',*,*,#1446,.F.);
#1202=ORIENTED_EDGE('',*,*,#1598,.F.);
#1203=ORIENTED_EDGE('',*,*,#1493,.T.);
#1204=ORIENTED_EDGE('',*,*,#1600,.T.);
#1205=ORIENTED_EDGE('',*,*,#1447,.F.);
#1206=ORIENTED_EDGE('',*,*,#1599,.F.);
#1207=ORIENTED_EDGE('',*,*,#1492,.T.);
#1208=ORIENTED_EDGE('',*,*,#1601,.T.);
#1209=ORIENTED_EDGE('',*,*,#1448,.F.);
#1210=ORIENTED_EDGE('',*,*,#1600,.F.);
#1211=ORIENTED_EDGE('',*,*,#1602,.T.);
#1212=ORIENTED_EDGE('',*,*,#1449,.F.);
#1213=ORIENTED_EDGE('',*,*,#1601,.F.);
#1214=ORIENTED_EDGE('',*,*,#1491,.T.);
#1215=ORIENTED_EDGE('',*,*,#1490,.T.);
#1216=ORIENTED_EDGE('',*,*,#1603,.T.);
#1217=ORIENTED_EDGE('',*,*,#1450,.F.);
#1218=ORIENTED_EDGE('',*,*,#1602,.F.);
#1219=ORIENTED_EDGE('',*,*,#1489,.T.);
#1220=ORIENTED_EDGE('',*,*,#1604,.T.);
#1221=ORIENTED_EDGE('',*,*,#1451,.F.);
#1222=ORIENTED_EDGE('',*,*,#1603,.F.);
#1223=ORIENTED_EDGE('',*,*,#1488,.T.);
#1224=ORIENTED_EDGE('',*,*,#1605,.T.);
#1225=ORIENTED_EDGE('',*,*,#1452,.F.);
#1226=ORIENTED_EDGE('',*,*,#1604,.F.);
#1227=ORIENTED_EDGE('',*,*,#1606,.T.);
#1228=ORIENTED_EDGE('',*,*,#1453,.F.);
#1229=ORIENTED_EDGE('',*,*,#1605,.F.);
#1230=ORIENTED_EDGE('',*,*,#1487,.T.);
#1231=ORIENTED_EDGE('',*,*,#1486,.T.);
#1232=ORIENTED_EDGE('',*,*,#1607,.T.);
#1233=ORIENTED_EDGE('',*,*,#1454,.F.);
#1234=ORIENTED_EDGE('',*,*,#1606,.F.);
#1235=ORIENTED_EDGE('',*,*,#1485,.T.);
#1236=ORIENTED_EDGE('',*,*,#1608,.T.);
#1237=ORIENTED_EDGE('',*,*,#1455,.F.);
#1238=ORIENTED_EDGE('',*,*,#1607,.F.);
#1239=ORIENTED_EDGE('',*,*,#1484,.T.);
#1240=ORIENTED_EDGE('',*,*,#1609,.T.);
#1241=ORIENTED_EDGE('',*,*,#1456,.F.);
#1242=ORIENTED_EDGE('',*,*,#1608,.F.);
#1243=ORIENTED_EDGE('',*,*,#1610,.T.);
#1244=ORIENTED_EDGE('',*,*,#1457,.F.);
#1245=ORIENTED_EDGE('',*,*,#1609,.F.);
#1246=ORIENTED_EDGE('',*,*,#1483,.T.);
#1247=ORIENTED_EDGE('',*,*,#1482,.T.);
#1248=ORIENTED_EDGE('',*,*,#1611,.T.);
#1249=ORIENTED_EDGE('',*,*,#1458,.F.);
#1250=ORIENTED_EDGE('',*,*,#1610,.F.);
#1251=ORIENTED_EDGE('',*,*,#1481,.T.);
#1252=ORIENTED_EDGE('',*,*,#1612,.T.);
#1253=ORIENTED_EDGE('',*,*,#1459,.F.);
#1254=ORIENTED_EDGE('',*,*,#1611,.F.);
#1255=ORIENTED_EDGE('',*,*,#1480,.T.);
#1256=ORIENTED_EDGE('',*,*,#1613,.T.);
#1257=ORIENTED_EDGE('',*,*,#1460,.F.);
#1258=ORIENTED_EDGE('',*,*,#1612,.F.);
#1259=ORIENTED_EDGE('',*,*,#1479,.T.);
#1260=ORIENTED_EDGE('',*,*,#1614,.T.);
#1261=ORIENTED_EDGE('',*,*,#1461,.F.);
#1262=ORIENTED_EDGE('',*,*,#1613,.F.);
#1263=ORIENTED_EDGE('',*,*,#1478,.T.);
#1264=ORIENTED_EDGE('',*,*,#1548,.T.);
#1265=ORIENTED_EDGE('',*,*,#1462,.F.);
#1266=ORIENTED_EDGE('',*,*,#1614,.F.);
#1267=ORIENTED_EDGE('',*,*,#1615,.F.);
#1268=ORIENTED_EDGE('',*,*,#1470,.T.);
#1269=ORIENTED_EDGE('',*,*,#1546,.F.);
#1270=ORIENTED_EDGE('',*,*,#1616,.T.);
#1271=ORIENTED_EDGE('',*,*,#1615,.T.);
#1272=ORIENTED_EDGE('',*,*,#1616,.F.);
#1273=ORIENTED_EDGE('',*,*,#1617,.T.);
#1274=ORIENTED_EDGE('',*,*,#1617,.F.);
#1275=ORIENTED_EDGE('',*,*,#1618,.T.);
#1276=ORIENTED_EDGE('',*,*,#1619,.T.);
#1277=ORIENTED_EDGE('',*,*,#1618,.F.);
#1278=ORIENTED_EDGE('',*,*,#1619,.F.);
#1279=ORIENTED_EDGE('',*,*,#1620,.T.);
#1280=ORIENTED_EDGE('',*,*,#1620,.F.);
#1281=ORIENTED_EDGE('',*,*,#1621,.T.);
#1282=ORIENTED_EDGE('',*,*,#1621,.F.);
#1283=ORIENTED_EDGE('',*,*,#1622,.T.);
#1284=ORIENTED_EDGE('',*,*,#1622,.F.);
#1285=ORIENTED_EDGE('',*,*,#1623,.T.);
#1286=ORIENTED_EDGE('',*,*,#1623,.F.);
#1287=ORIENTED_EDGE('',*,*,#1624,.T.);
#1288=ORIENTED_EDGE('',*,*,#1624,.F.);
#1289=ORIENTED_EDGE('',*,*,#1625,.T.);
#1290=ORIENTED_EDGE('',*,*,#1625,.F.);
#1291=ORIENTED_EDGE('',*,*,#1626,.T.);
#1292=ORIENTED_EDGE('',*,*,#1627,.T.);
#1293=ORIENTED_EDGE('',*,*,#1626,.F.);
#1294=ORIENTED_EDGE('',*,*,#1627,.F.);
#1295=ORIENTED_EDGE('',*,*,#1628,.T.);
#1296=ORIENTED_EDGE('',*,*,#1628,.F.);
#1297=ORIENTED_EDGE('',*,*,#1629,.T.);
#1298=ORIENTED_EDGE('',*,*,#1629,.F.);
#1299=ORIENTED_EDGE('',*,*,#1630,.T.);
#1300=ORIENTED_EDGE('',*,*,#1630,.F.);
#1301=ORIENTED_EDGE('',*,*,#1631,.T.);
#1302=ORIENTED_EDGE('',*,*,#1631,.F.);
#1303=ORIENTED_EDGE('',*,*,#1632,.T.);
#1304=ORIENTED_EDGE('',*,*,#1632,.F.);
#1305=EDGE_CURVE('',#1633,#1633,#1885,.T.);
#1306=EDGE_CURVE('',#1634,#1634,#1886,.T.);
#1307=EDGE_CURVE('',#1635,#1635,#1887,.T.);
#1308=EDGE_CURVE('',#1636,#1636,#1888,.T.);
#1309=EDGE_CURVE('',#1637,#1637,#1889,.T.);
#1310=EDGE_CURVE('',#1638,#1638,#1890,.T.);
#1311=EDGE_CURVE('',#1639,#1639,#1891,.T.);
#1312=EDGE_CURVE('',#1640,#1640,#1892,.T.);
#1313=EDGE_CURVE('',#1641,#1641,#1893,.T.);
#1314=EDGE_CURVE('',#1642,#1642,#1894,.T.);
#1315=EDGE_CURVE('',#1643,#1643,#1895,.T.);
#1316=EDGE_CURVE('',#1644,#1644,#1896,.T.);
#1317=EDGE_CURVE('',#1645,#1645,#1897,.T.);
#1318=EDGE_CURVE('',#1646,#1646,#1898,.T.);
#1319=EDGE_CURVE('',#1647,#1647,#1899,.T.);
#1320=EDGE_CURVE('',#1648,#1648,#1900,.T.);
#1321=EDGE_CURVE('',#1649,#1649,#1901,.T.);
#1322=EDGE_CURVE('',#1650,#1650,#1902,.T.);
#1323=EDGE_CURVE('',#1651,#1651,#1903,.T.);
#1324=EDGE_CURVE('',#1652,#1652,#1904,.T.);
#1325=EDGE_CURVE('',#1653,#1653,#1905,.T.);
#1326=EDGE_CURVE('',#1654,#1654,#1906,.T.);
#1327=EDGE_CURVE('',#1655,#1655,#1907,.T.);
#1328=EDGE_CURVE('',#1656,#1656,#1908,.T.);
#1329=EDGE_CURVE('',#1657,#1658,#10,.T.);
#1330=EDGE_CURVE('',#1657,#1659,#11,.F.);
#1331=EDGE_CURVE('',#1659,#1660,#12,.T.);
#1332=EDGE_CURVE('',#1658,#1660,#13,.F.);
#1333=EDGE_CURVE('',#1660,#1661,#14,.T.);
#1334=EDGE_CURVE('',#1661,#1662,#15,.T.);
#1335=EDGE_CURVE('',#1658,#1662,#16,.F.);
#1336=EDGE_CURVE('',#1661,#1663,#17,.F.);
#1337=EDGE_CURVE('',#1659,#1663,#18,.F.);
#1338=EDGE_CURVE('',#1663,#1664,#19,.T.);
#1339=EDGE_CURVE('',#1657,#1664,#20,.F.);
#1340=EDGE_CURVE('',#1662,#1664,#21,.F.);
#1341=EDGE_CURVE('',#1665,#1666,#22,.T.);
#1342=EDGE_CURVE('',#1666,#1667,#23,.F.);
#1343=EDGE_CURVE('',#1668,#1667,#24,.T.);
#1344=EDGE_CURVE('',#1665,#1668,#25,.F.);
#1345=EDGE_CURVE('',#1669,#1669,#1909,.F.);
#1346=EDGE_CURVE('',#1670,#1670,#1910,.F.);
#1347=EDGE_CURVE('',#1671,#1672,#26,.T.);
#1348=EDGE_CURVE('',#1671,#1673,#27,.F.);
#1349=EDGE_CURVE('',#1673,#1674,#28,.T.);
#1350=EDGE_CURVE('',#1672,#1674,#29,.F.);
#1351=EDGE_CURVE('',#1675,#1675,#1911,.F.);
#1352=EDGE_CURVE('',#1676,#1676,#1912,.F.);
#1353=EDGE_CURVE('',#1672,#1666,#30,.F.);
#1354=EDGE_CURVE('',#1674,#1667,#31,.T.);
#1355=EDGE_CURVE('',#1673,#1668,#32,.F.);
#1356=EDGE_CURVE('',#1671,#1665,#33,.T.);
#1357=EDGE_CURVE('',#1677,#1677,#1913,.T.);
#1358=EDGE_CURVE('',#1678,#1678,#1914,.T.);
#1359=EDGE_CURVE('',#1679,#1679,#1915,.T.);
#1360=EDGE_CURVE('',#1680,#1680,#1916,.T.);
#1361=EDGE_CURVE('',#1681,#1681,#1917,.T.);
#1362=EDGE_CURVE('',#1682,#1682,#1918,.T.);
#1363=EDGE_CURVE('',#1683,#1683,#1919,.T.);
#1364=EDGE_CURVE('',#1684,#1684,#1920,.T.);
#1365=EDGE_CURVE('',#1685,#1685,#1921,.T.);
#1366=EDGE_CURVE('',#1686,#1686,#1922,.T.);
#1367=EDGE_CURVE('',#1687,#1687,#1923,.T.);
#1368=EDGE_CURVE('',#1688,#1688,#1924,.T.);
#1369=EDGE_CURVE('',#1689,#1689,#1925,.T.);
#1370=EDGE_CURVE('',#1690,#1690,#1926,.T.);
#1371=EDGE_CURVE('',#1691,#1691,#1927,.T.);
#1372=EDGE_CURVE('',#1692,#1692,#1928,.T.);
#1373=EDGE_CURVE('',#1693,#1693,#1929,.T.);
#1374=EDGE_CURVE('',#1694,#1694,#1930,.T.);
#1375=EDGE_CURVE('',#1695,#1695,#1931,.T.);
#1376=EDGE_CURVE('',#1696,#1696,#1932,.T.);
#1377=EDGE_CURVE('',#1697,#1697,#1933,.T.);
#1378=EDGE_CURVE('',#1698,#1698,#1934,.T.);
#1379=EDGE_CURVE('',#1699,#1699,#1935,.T.);
#1380=EDGE_CURVE('',#1700,#1700,#1936,.T.);
#1381=EDGE_CURVE('',#1701,#1701,#1937,.T.);
#1382=EDGE_CURVE('',#1702,#1702,#1938,.T.);
#1383=EDGE_CURVE('',#1703,#1703,#1939,.T.);
#1384=EDGE_CURVE('',#1704,#1704,#1940,.T.);
#1385=EDGE_CURVE('',#1705,#1705,#1941,.T.);
#1386=EDGE_CURVE('',#1706,#1706,#1942,.T.);
#1387=EDGE_CURVE('',#1707,#1707,#1943,.T.);
#1388=EDGE_CURVE('',#1708,#1708,#1944,.T.);
#1389=EDGE_CURVE('',#1709,#1709,#1945,.T.);
#1390=EDGE_CURVE('',#1710,#1710,#1946,.T.);
#1391=EDGE_CURVE('',#1711,#1711,#1947,.T.);
#1392=EDGE_CURVE('',#1712,#1712,#1948,.T.);
#1393=EDGE_CURVE('',#1713,#1713,#1949,.T.);
#1394=EDGE_CURVE('',#1714,#1714,#1950,.T.);
#1395=EDGE_CURVE('',#1715,#1716,#34,.T.);
#1396=EDGE_CURVE('',#1716,#1717,#35,.T.);
#1397=EDGE_CURVE('',#1717,#1718,#36,.T.);
#1398=EDGE_CURVE('',#1718,#1719,#37,.T.);
#1399=EDGE_CURVE('',#1719,#1720,#38,.T.);
#1400=EDGE_CURVE('',#1720,#1721,#39,.T.);
#1401=EDGE_CURVE('',#1721,#1722,#40,.T.);
#1402=EDGE_CURVE('',#1722,#1723,#41,.T.);
#1403=EDGE_CURVE('',#1723,#1724,#42,.T.);
#1404=EDGE_CURVE('',#1724,#1725,#43,.T.);
#1405=EDGE_CURVE('',#1725,#1726,#44,.T.);
#1406=EDGE_CURVE('',#1726,#1727,#45,.T.);
#1407=EDGE_CURVE('',#1727,#1728,#46,.T.);
#1408=EDGE_CURVE('',#1728,#1729,#47,.T.);
#1409=EDGE_CURVE('',#1729,#1730,#48,.T.);
#1410=EDGE_CURVE('',#1730,#1731,#49,.T.);
#1411=EDGE_CURVE('',#1731,#1732,#50,.T.);
#1412=EDGE_CURVE('',#1732,#1733,#51,.T.);
#1413=EDGE_CURVE('',#1733,#1734,#52,.T.);
#1414=EDGE_CURVE('',#1734,#1735,#53,.T.);
#1415=EDGE_CURVE('',#1735,#1736,#54,.T.);
#1416=EDGE_CURVE('',#1736,#1737,#55,.T.);
#1417=EDGE_CURVE('',#1737,#1738,#56,.T.);
#1418=EDGE_CURVE('',#1738,#1739,#57,.T.);
#1419=EDGE_CURVE('',#1739,#1740,#58,.T.);
#1420=EDGE_CURVE('',#1740,#1741,#59,.T.);
#1421=EDGE_CURVE('',#1741,#1742,#60,.T.);
#1422=EDGE_CURVE('',#1742,#1743,#61,.T.);
#1423=EDGE_CURVE('',#1743,#1744,#62,.T.);
#1424=EDGE_CURVE('',#1744,#1745,#63,.T.);
#1425=EDGE_CURVE('',#1745,#1746,#64,.T.);
#1426=EDGE_CURVE('',#1746,#1747,#65,.T.);
#1427=EDGE_CURVE('',#1747,#1748,#66,.T.);
#1428=EDGE_CURVE('',#1748,#1749,#67,.T.);
#1429=EDGE_CURVE('',#1749,#1750,#68,.F.);
#1430=EDGE_CURVE('',#1750,#1751,#69,.T.);
#1431=EDGE_CURVE('',#1751,#1752,#70,.F.);
#1432=EDGE_CURVE('',#1752,#1753,#71,.T.);
#1433=EDGE_CURVE('',#1753,#1754,#72,.F.);
#1434=EDGE_CURVE('',#1754,#1755,#73,.T.);
#1435=EDGE_CURVE('',#1755,#1756,#74,.F.);
#1436=EDGE_CURVE('',#1756,#1757,#75,.T.);
#1437=EDGE_CURVE('',#1757,#1758,#76,.F.);
#1438=EDGE_CURVE('',#1758,#1759,#77,.T.);
#1439=EDGE_CURVE('',#1759,#1760,#78,.F.);
#1440=EDGE_CURVE('',#1760,#1761,#79,.T.);
#1441=EDGE_CURVE('',#1761,#1762,#80,.F.);
#1442=EDGE_CURVE('',#1762,#1763,#81,.T.);
#1443=EDGE_CURVE('',#1763,#1764,#82,.F.);
#1444=EDGE_CURVE('',#1764,#1765,#83,.T.);
#1445=EDGE_CURVE('',#1765,#1766,#84,.F.);
#1446=EDGE_CURVE('',#1766,#1767,#85,.T.);
#1447=EDGE_CURVE('',#1767,#1768,#86,.F.);
#1448=EDGE_CURVE('',#1768,#1769,#87,.T.);
#1449=EDGE_CURVE('',#1769,#1770,#88,.F.);
#1450=EDGE_CURVE('',#1770,#1771,#89,.T.);
#1451=EDGE_CURVE('',#1771,#1772,#90,.F.);
#1452=EDGE_CURVE('',#1772,#1773,#91,.T.);
#1453=EDGE_CURVE('',#1773,#1774,#92,.F.);
#1454=EDGE_CURVE('',#1774,#1775,#93,.T.);
#1455=EDGE_CURVE('',#1775,#1776,#94,.F.);
#1456=EDGE_CURVE('',#1776,#1777,#95,.T.);
#1457=EDGE_CURVE('',#1777,#1778,#96,.F.);
#1458=EDGE_CURVE('',#1778,#1779,#97,.T.);
#1459=EDGE_CURVE('',#1779,#1780,#98,.F.);
#1460=EDGE_CURVE('',#1780,#1781,#99,.T.);
#1461=EDGE_CURVE('',#1781,#1782,#100,.F.);
#1462=EDGE_CURVE('',#1782,#1715,#101,.F.);
#1463=EDGE_CURVE('',#1783,#1783,#1951,.T.);
#1464=EDGE_CURVE('',#1784,#1784,#1952,.T.);
#1465=EDGE_CURVE('',#1785,#1785,#1953,.T.);
#1466=EDGE_CURVE('',#1786,#1786,#1954,.T.);
#1467=EDGE_CURVE('',#1787,#1787,#1955,.T.);
#1468=EDGE_CURVE('',#1788,#1788,#1956,.T.);
#1469=EDGE_CURVE('',#1789,#1789,#1957,.T.);
#1470=EDGE_CURVE('',#1790,#1790,#1958,.T.);
#1471=EDGE_CURVE('',#1791,#1791,#1959,.T.);
#1472=EDGE_CURVE('',#1792,#1792,#1960,.T.);
#1473=EDGE_CURVE('',#1793,#1793,#1961,.T.);
#1474=EDGE_CURVE('',#1794,#1794,#1962,.T.);
#1475=EDGE_CURVE('',#1795,#1795,#1963,.T.);
#1476=EDGE_CURVE('',#1796,#1796,#1964,.T.);
#1477=EDGE_CURVE('',#1797,#1797,#1965,.T.);
#1478=EDGE_CURVE('',#1798,#1799,#102,.T.);
#1479=EDGE_CURVE('',#1800,#1798,#103,.T.);
#1480=EDGE_CURVE('',#1801,#1800,#104,.T.);
#1481=EDGE_CURVE('',#1802,#1801,#105,.T.);
#1482=EDGE_CURVE('',#1803,#1802,#106,.T.);
#1483=EDGE_CURVE('',#1804,#1803,#107,.T.);
#1484=EDGE_CURVE('',#1805,#1804,#108,.T.);
#1485=EDGE_CURVE('',#1806,#1805,#109,.T.);
#1486=EDGE_CURVE('',#1807,#1806,#110,.T.);
#1487=EDGE_CURVE('',#1808,#1807,#111,.T.);
#1488=EDGE_CURVE('',#1809,#1808,#112,.T.);
#1489=EDGE_CURVE('',#1810,#1809,#113,.T.);
#1490=EDGE_CURVE('',#1811,#1810,#114,.T.);
#1491=EDGE_CURVE('',#1812,#1811,#115,.T.);
#1492=EDGE_CURVE('',#1813,#1812,#116,.T.);
#1493=EDGE_CURVE('',#1814,#1813,#117,.T.);
#1494=EDGE_CURVE('',#1815,#1814,#118,.T.);
#1495=EDGE_CURVE('',#1816,#1815,#119,.T.);
#1496=EDGE_CURVE('',#1817,#1816,#120,.T.);
#1497=EDGE_CURVE('',#1818,#1817,#121,.T.);
#1498=EDGE_CURVE('',#1819,#1818,#122,.T.);
#1499=EDGE_CURVE('',#1820,#1819,#123,.T.);
#1500=EDGE_CURVE('',#1821,#1820,#124,.T.);
#1501=EDGE_CURVE('',#1822,#1821,#125,.T.);
#1502=EDGE_CURVE('',#1823,#1822,#126,.T.);
#1503=EDGE_CURVE('',#1824,#1823,#127,.T.);
#1504=EDGE_CURVE('',#1825,#1824,#128,.T.);
#1505=EDGE_CURVE('',#1826,#1825,#129,.T.);
#1506=EDGE_CURVE('',#1827,#1826,#130,.T.);
#1507=EDGE_CURVE('',#1828,#1827,#131,.T.);
#1508=EDGE_CURVE('',#1829,#1828,#132,.T.);
#1509=EDGE_CURVE('',#1830,#1829,#133,.T.);
#1510=EDGE_CURVE('',#1831,#1830,#134,.T.);
#1511=EDGE_CURVE('',#1832,#1831,#135,.T.);
#1512=EDGE_CURVE('',#1833,#1832,#136,.T.);
#1513=EDGE_CURVE('',#1834,#1833,#137,.T.);
#1514=EDGE_CURVE('',#1835,#1834,#138,.T.);
#1515=EDGE_CURVE('',#1836,#1835,#139,.T.);
#1516=EDGE_CURVE('',#1837,#1836,#140,.T.);
#1517=EDGE_CURVE('',#1838,#1837,#141,.T.);
#1518=EDGE_CURVE('',#1839,#1838,#142,.T.);
#1519=EDGE_CURVE('',#1840,#1839,#143,.T.);
#1520=EDGE_CURVE('',#1841,#1840,#144,.T.);
#1521=EDGE_CURVE('',#1842,#1841,#145,.T.);
#1522=EDGE_CURVE('',#1843,#1842,#146,.T.);
#1523=EDGE_CURVE('',#1844,#1843,#147,.T.);
#1524=EDGE_CURVE('',#1845,#1844,#148,.T.);
#1525=EDGE_CURVE('',#1846,#1845,#149,.T.);
#1526=EDGE_CURVE('',#1847,#1846,#150,.T.);
#1527=EDGE_CURVE('',#1848,#1847,#151,.T.);
#1528=EDGE_CURVE('',#1849,#1848,#152,.T.);
#1529=EDGE_CURVE('',#1850,#1849,#153,.T.);
#1530=EDGE_CURVE('',#1851,#1850,#154,.T.);
#1531=EDGE_CURVE('',#1852,#1851,#155,.T.);
#1532=EDGE_CURVE('',#1853,#1852,#156,.T.);
#1533=EDGE_CURVE('',#1854,#1853,#157,.T.);
#1534=EDGE_CURVE('',#1855,#1854,#158,.T.);
#1535=EDGE_CURVE('',#1856,#1855,#159,.T.);
#1536=EDGE_CURVE('',#1857,#1856,#160,.T.);
#1537=EDGE_CURVE('',#1858,#1857,#161,.T.);
#1538=EDGE_CURVE('',#1859,#1858,#162,.T.);
#1539=EDGE_CURVE('',#1860,#1859,#163,.T.);
#1540=EDGE_CURVE('',#1861,#1860,#164,.T.);
#1541=EDGE_CURVE('',#1862,#1861,#165,.T.);
#1542=EDGE_CURVE('',#1863,#1862,#166,.T.);
#1543=EDGE_CURVE('',#1864,#1863,#167,.T.);
#1544=EDGE_CURVE('',#1865,#1864,#168,.T.);
#1545=EDGE_CURVE('',#1799,#1865,#169,.T.);
#1546=EDGE_CURVE('',#1866,#1866,#1966,.T.);
#1547=EDGE_CURVE('',#1865,#1716,#170,.T.);
#1548=EDGE_CURVE('',#1799,#1715,#171,.T.);
#1549=EDGE_CURVE('',#1864,#1717,#172,.T.);
#1550=EDGE_CURVE('',#1863,#1718,#173,.T.);
#1551=EDGE_CURVE('',#1862,#1719,#174,.T.);
#1552=EDGE_CURVE('',#1861,#1720,#175,.T.);
#1553=EDGE_CURVE('',#1860,#1721,#176,.T.);
#1554=EDGE_CURVE('',#1859,#1722,#177,.T.);
#1555=EDGE_CURVE('',#1858,#1723,#178,.T.);
#1556=EDGE_CURVE('',#1857,#1724,#179,.T.);
#1557=EDGE_CURVE('',#1856,#1725,#180,.T.);
#1558=EDGE_CURVE('',#1855,#1726,#181,.T.);
#1559=EDGE_CURVE('',#1854,#1727,#182,.T.);
#1560=EDGE_CURVE('',#1853,#1728,#183,.T.);
#1561=EDGE_CURVE('',#1852,#1729,#184,.T.);
#1562=EDGE_CURVE('',#1851,#1730,#185,.T.);
#1563=EDGE_CURVE('',#1850,#1731,#186,.T.);
#1564=EDGE_CURVE('',#1849,#1732,#187,.T.);
#1565=EDGE_CURVE('',#1848,#1733,#188,.T.);
#1566=EDGE_CURVE('',#1847,#1734,#189,.T.);
#1567=EDGE_CURVE('',#1846,#1735,#190,.T.);
#1568=EDGE_CURVE('',#1845,#1736,#191,.T.);
#1569=EDGE_CURVE('',#1844,#1737,#192,.T.);
#1570=EDGE_CURVE('',#1843,#1738,#193,.T.);
#1571=EDGE_CURVE('',#1842,#1739,#194,.T.);
#1572=EDGE_CURVE('',#1841,#1740,#195,.T.);
#1573=EDGE_CURVE('',#1840,#1741,#196,.T.);
#1574=EDGE_CURVE('',#1839,#1742,#197,.T.);
#1575=EDGE_CURVE('',#1838,#1743,#198,.T.);
#1576=EDGE_CURVE('',#1837,#1744,#199,.T.);
#1577=EDGE_CURVE('',#1836,#1745,#200,.T.);
#1578=EDGE_CURVE('',#1835,#1746,#201,.T.);
#1579=EDGE_CURVE('',#1834,#1747,#202,.T.);
#1580=EDGE_CURVE('',#1833,#1748,#203,.T.);
#1581=EDGE_CURVE('',#1832,#1749,#204,.T.);
#1582=EDGE_CURVE('',#1831,#1750,#205,.T.);
#1583=EDGE_CURVE('',#1830,#1751,#206,.T.);
#1584=EDGE_CURVE('',#1829,#1752,#207,.T.);
#1585=EDGE_CURVE('',#1828,#1753,#208,.T.);
#1586=EDGE_CURVE('',#1827,#1754,#209,.T.);
#1587=EDGE_CURVE('',#1826,#1755,#210,.T.);
#1588=EDGE_CURVE('',#1825,#1756,#211,.T.);
#1589=EDGE_CURVE('',#1824,#1757,#212,.T.);
#1590=EDGE_CURVE('',#1823,#1758,#213,.T.);
#1591=EDGE_CURVE('',#1822,#1759,#214,.T.);
#1592=EDGE_CURVE('',#1821,#1760,#215,.T.);
#1593=EDGE_CURVE('',#1820,#1761,#216,.T.);
#1594=EDGE_CURVE('',#1819,#1762,#217,.T.);
#1595=EDGE_CURVE('',#1818,#1763,#218,.T.);
#1596=EDGE_CURVE('',#1817,#1764,#219,.T.);
#1597=EDGE_CURVE('',#1816,#1765,#220,.T.);
#1598=EDGE_CURVE('',#1815,#1766,#221,.T.);
#1599=EDGE_CURVE('',#1814,#1767,#222,.T.);
#1600=EDGE_CURVE('',#1813,#1768,#223,.T.);
#1601=EDGE_CURVE('',#1812,#1769,#224,.T.);
#1602=EDGE_CURVE('',#1811,#1770,#225,.T.);
#1603=EDGE_CURVE('',#1810,#1771,#226,.T.);
#1604=EDGE_CURVE('',#1809,#1772,#227,.T.);
#1605=EDGE_CURVE('',#1808,#1773,#228,.T.);
#1606=EDGE_CURVE('',#1807,#1774,#229,.T.);
#1607=EDGE_CURVE('',#1806,#1775,#230,.T.);
#1608=EDGE_CURVE('',#1805,#1776,#231,.T.);
#1609=EDGE_CURVE('',#1804,#1777,#232,.T.);
#1610=EDGE_CURVE('',#1803,#1778,#233,.T.);
#1611=EDGE_CURVE('',#1802,#1779,#234,.T.);
#1612=EDGE_CURVE('',#1801,#1780,#235,.T.);
#1613=EDGE_CURVE('',#1800,#1781,#236,.T.);
#1614=EDGE_CURVE('',#1798,#1782,#237,.T.);
#1615=EDGE_CURVE('',#1867,#1867,#1967,.T.);
#1616=EDGE_CURVE('',#1868,#1868,#1968,.T.);
#1617=EDGE_CURVE('',#1869,#1869,#1969,.T.);
#1618=EDGE_CURVE('',#1870,#1870,#1970,.T.);
#1619=EDGE_CURVE('',#1871,#1871,#1971,.T.);
#1620=EDGE_CURVE('',#1872,#1872,#1972,.T.);
#1621=EDGE_CURVE('',#1873,#1873,#1973,.T.);
#1622=EDGE_CURVE('',#1874,#1874,#1974,.T.);
#1623=EDGE_CURVE('',#1875,#1875,#1975,.T.);
#1624=EDGE_CURVE('',#1876,#1876,#1976,.T.);
#1625=EDGE_CURVE('',#1877,#1877,#1977,.T.);
#1626=EDGE_CURVE('',#1878,#1878,#1978,.T.);
#1627=EDGE_CURVE('',#1879,#1879,#1979,.T.);
#1628=EDGE_CURVE('',#1880,#1880,#1980,.T.);
#1629=EDGE_CURVE('',#1881,#1881,#1981,.T.);
#1630=EDGE_CURVE('',#1882,#1882,#1982,.T.);
#1631=EDGE_CURVE('',#1883,#1883,#1983,.T.);
#1632=EDGE_CURVE('',#1884,#1884,#1984,.T.);
#1633=VERTEX_POINT('',#3955);
#1634=VERTEX_POINT('',#3958);
#1635=VERTEX_POINT('',#3961);
#1636=VERTEX_POINT('',#3964);
#1637=VERTEX_POINT('',#3967);
#1638=VERTEX_POINT('',#3970);
#1639=VERTEX_POINT('',#3973);
#1640=VERTEX_POINT('',#3976);
#1641=VERTEX_POINT('',#3981);
#1642=VERTEX_POINT('',#3984);
#1643=VERTEX_POINT('',#3987);
#1644=VERTEX_POINT('',#3990);
#1645=VERTEX_POINT('',#3993);
#1646=VERTEX_POINT('',#3996);
#1647=VERTEX_POINT('',#3999);
#1648=VERTEX_POINT('',#4002);
#1649=VERTEX_POINT('',#4007);
#1650=VERTEX_POINT('',#4010);
#1651=VERTEX_POINT('',#4013);
#1652=VERTEX_POINT('',#4016);
#1653=VERTEX_POINT('',#4019);
#1654=VERTEX_POINT('',#4022);
#1655=VERTEX_POINT('',#4025);
#1656=VERTEX_POINT('',#4028);
#1657=VERTEX_POINT('',#4033);
#1658=VERTEX_POINT('',#4034);
#1659=VERTEX_POINT('',#4036);
#1660=VERTEX_POINT('',#4038);
#1661=VERTEX_POINT('',#4042);
#1662=VERTEX_POINT('',#4044);
#1663=VERTEX_POINT('',#4048);
#1664=VERTEX_POINT('',#4052);
#1665=VERTEX_POINT('',#4058);
#1666=VERTEX_POINT('',#4059);
#1667=VERTEX_POINT('',#4061);
#1668=VERTEX_POINT('',#4063);
#1669=VERTEX_POINT('',#4066);
#1670=VERTEX_POINT('',#4068);
#1671=VERTEX_POINT('',#4071);
#1672=VERTEX_POINT('',#4072);
#1673=VERTEX_POINT('',#4074);
#1674=VERTEX_POINT('',#4076);
#1675=VERTEX_POINT('',#4079);
#1676=VERTEX_POINT('',#4081);
#1677=VERTEX_POINT('',#4095);
#1678=VERTEX_POINT('',#4098);
#1679=VERTEX_POINT('',#4101);
#1680=VERTEX_POINT('',#4104);
#1681=VERTEX_POINT('',#4107);
#1682=VERTEX_POINT('',#4110);
#1683=VERTEX_POINT('',#4113);
#1684=VERTEX_POINT('',#4116);
#1685=VERTEX_POINT('',#4121);
#1686=VERTEX_POINT('',#4124);
#1687=VERTEX_POINT('',#4127);
#1688=VERTEX_POINT('',#4130);
#1689=VERTEX_POINT('',#4133);
#1690=VERTEX_POINT('',#4136);
#1691=VERTEX_POINT('',#4139);
#1692=VERTEX_POINT('',#4142);
#1693=VERTEX_POINT('',#4147);
#1694=VERTEX_POINT('',#4150);
#1695=VERTEX_POINT('',#4153);
#1696=VERTEX_POINT('',#4156);
#1697=VERTEX_POINT('',#4159);
#1698=VERTEX_POINT('',#4162);
#1699=VERTEX_POINT('',#4165);
#1700=VERTEX_POINT('',#4168);
#1701=VERTEX_POINT('',#4173);
#1702=VERTEX_POINT('',#4175);
#1703=VERTEX_POINT('',#4178);
#1704=VERTEX_POINT('',#4180);
#1705=VERTEX_POINT('',#4183);
#1706=VERTEX_POINT('',#4185);
#1707=VERTEX_POINT('',#4188);
#1708=VERTEX_POINT('',#4190);
#1709=VERTEX_POINT('',#4193);
#1710=VERTEX_POINT('',#4195);
#1711=VERTEX_POINT('',#4198);
#1712=VERTEX_POINT('',#4200);
#1713=VERTEX_POINT('',#4203);
#1714=VERTEX_POINT('',#4205);
#1715=VERTEX_POINT('',#4208);
#1716=VERTEX_POINT('',#4209);
#1717=VERTEX_POINT('',#4211);
#1718=VERTEX_POINT('',#4213);
#1719=VERTEX_POINT('',#4215);
#1720=VERTEX_POINT('',#4217);
#1721=VERTEX_POINT('',#4219);
#1722=VERTEX_POINT('',#4221);
#1723=VERTEX_POINT('',#4223);
#1724=VERTEX_POINT('',#4225);
#1725=VERTEX_POINT('',#4227);
#1726=VERTEX_POINT('',#4229);
#1727=VERTEX_POINT('',#4231);
#1728=VERTEX_POINT('',#4233);
#1729=VERTEX_POINT('',#4235);
#1730=VERTEX_POINT('',#4237);
#1731=VERTEX_POINT('',#4239);
#1732=VERTEX_POINT('',#4241);
#1733=VERTEX_POINT('',#4243);
#1734=VERTEX_POINT('',#4245);
#1735=VERTEX_POINT('',#4247);
#1736=VERTEX_POINT('',#4249);
#1737=VERTEX_POINT('',#4251);
#1738=VERTEX_POINT('',#4253);
#1739=VERTEX_POINT('',#4255);
#1740=VERTEX_POINT('',#4257);
#1741=VERTEX_POINT('',#4259);
#1742=VERTEX_POINT('',#4261);
#1743=VERTEX_POINT('',#4263);
#1744=VERTEX_POINT('',#4265);
#1745=VERTEX_POINT('',#4267);
#1746=VERTEX_POINT('',#4269);
#1747=VERTEX_POINT('',#4271);
#1748=VERTEX_POINT('',#4273);
#1749=VERTEX_POINT('',#4275);
#1750=VERTEX_POINT('',#4277);
#1751=VERTEX_POINT('',#4279);
#1752=VERTEX_POINT('',#4281);
#1753=VERTEX_POINT('',#4283);
#1754=VERTEX_POINT('',#4285);
#1755=VERTEX_POINT('',#4287);
#1756=VERTEX_POINT('',#4289);
#1757=VERTEX_POINT('',#4291);
#1758=VERTEX_POINT('',#4293);
#1759=VERTEX_POINT('',#4295);
#1760=VERTEX_POINT('',#4297);
#1761=VERTEX_POINT('',#4299);
#1762=VERTEX_POINT('',#4301);
#1763=VERTEX_POINT('',#4303);
#1764=VERTEX_POINT('',#4305);
#1765=VERTEX_POINT('',#4307);
#1766=VERTEX_POINT('',#4309);
#1767=VERTEX_POINT('',#4311);
#1768=VERTEX_POINT('',#4313);
#1769=VERTEX_POINT('',#4315);
#1770=VERTEX_POINT('',#4317);
#1771=VERTEX_POINT('',#4319);
#1772=VERTEX_POINT('',#4321);
#1773=VERTEX_POINT('',#4323);
#1774=VERTEX_POINT('',#4325);
#1775=VERTEX_POINT('',#4327);
#1776=VERTEX_POINT('',#4329);
#1777=VERTEX_POINT('',#4331);
#1778=VERTEX_POINT('',#4333);
#1779=VERTEX_POINT('',#4335);
#1780=VERTEX_POINT('',#4337);
#1781=VERTEX_POINT('',#4339);
#1782=VERTEX_POINT('',#4341);
#1783=VERTEX_POINT('',#4344);
#1784=VERTEX_POINT('',#4346);
#1785=VERTEX_POINT('',#4348);
#1786=VERTEX_POINT('',#4350);
#1787=VERTEX_POINT('',#4352);
#1788=VERTEX_POINT('',#4354);
#1789=VERTEX_POINT('',#4356);
#1790=VERTEX_POINT('',#4358);
#1791=VERTEX_POINT('',#4361);
#1792=VERTEX_POINT('',#4365);
#1793=VERTEX_POINT('',#4369);
#1794=VERTEX_POINT('',#4373);
#1795=VERTEX_POINT('',#4377);
#1796=VERTEX_POINT('',#4381);
#1797=VERTEX_POINT('',#4385);
#1798=VERTEX_POINT('',#4389);
#1799=VERTEX_POINT('',#4390);
#1800=VERTEX_POINT('',#4392);
#1801=VERTEX_POINT('',#4394);
#1802=VERTEX_POINT('',#4396);
#1803=VERTEX_POINT('',#4398);
#1804=VERTEX_POINT('',#4400);
#1805=VERTEX_POINT('',#4402);
#1806=VERTEX_POINT('',#4404);
#1807=VERTEX_POINT('',#4406);
#1808=VERTEX_POINT('',#4408);
#1809=VERTEX_POINT('',#4410);
#1810=VERTEX_POINT('',#4412);
#1811=VERTEX_POINT('',#4414);
#1812=VERTEX_POINT('',#4416);
#1813=VERTEX_POINT('',#4418);
#1814=VERTEX_POINT('',#4420);
#1815=VERTEX_POINT('',#4422);
#1816=VERTEX_POINT('',#4424);
#1817=VERTEX_POINT('',#4426);
#1818=VERTEX_POINT('',#4428);
#1819=VERTEX_POINT('',#4430);
#1820=VERTEX_POINT('',#4432);
#1821=VERTEX_POINT('',#4434);
#1822=VERTEX_POINT('',#4436);
#1823=VERTEX_POINT('',#4438);
#1824=VERTEX_POINT('',#4440);
#1825=VERTEX_POINT('',#4442);
#1826=VERTEX_POINT('',#4444);
#1827=VERTEX_POINT('',#4446);
#1828=VERTEX_POINT('',#4448);
#1829=VERTEX_POINT('',#4450);
#1830=VERTEX_POINT('',#4452);
#1831=VERTEX_POINT('',#4454);
#1832=VERTEX_POINT('',#4456);
#1833=VERTEX_POINT('',#4458);
#1834=VERTEX_POINT('',#4460);
#1835=VERTEX_POINT('',#4462);
#1836=VERTEX_POINT('',#4464);
#1837=VERTEX_POINT('',#4466);
#1838=VERTEX_POINT('',#4468);
#1839=VERTEX_POINT('',#4470);
#1840=VERTEX_POINT('',#4472);
#1841=VERTEX_POINT('',#4474);
#1842=VERTEX_POINT('',#4476);
#1843=VERTEX_POINT('',#4478);
#1844=VERTEX_POINT('',#4480);
#1845=VERTEX_POINT('',#4482);
#1846=VERTEX_POINT('',#4484);
#1847=VERTEX_POINT('',#4486);
#1848=VERTEX_POINT('',#4488);
#1849=VERTEX_POINT('',#4490);
#1850=VERTEX_POINT('',#4492);
#1851=VERTEX_POINT('',#4494);
#1852=VERTEX_POINT('',#4496);
#1853=VERTEX_POINT('',#4498);
#1854=VERTEX_POINT('',#4500);
#1855=VERTEX_POINT('',#4502);
#1856=VERTEX_POINT('',#4504);
#1857=VERTEX_POINT('',#4506);
#1858=VERTEX_POINT('',#4508);
#1859=VERTEX_POINT('',#4510);
#1860=VERTEX_POINT('',#4512);
#1861=VERTEX_POINT('',#4514);
#1862=VERTEX_POINT('',#4516);
#1863=VERTEX_POINT('',#4518);
#1864=VERTEX_POINT('',#4520);
#1865=VERTEX_POINT('',#4522);
#1866=VERTEX_POINT('',#4525);
#1867=VERTEX_POINT('',#4664);
#1868=VERTEX_POINT('',#4667);
#1869=VERTEX_POINT('',#4672);
#1870=VERTEX_POINT('',#4675);
#1871=VERTEX_POINT('',#4678);
#1872=VERTEX_POINT('',#4681);
#1873=VERTEX_POINT('',#4684);
#1874=VERTEX_POINT('',#4687);
#1875=VERTEX_POINT('',#4690);
#1876=VERTEX_POINT('',#4693);
#1877=VERTEX_POINT('',#4698);
#1878=VERTEX_POINT('',#4701);
#1879=VERTEX_POINT('',#4704);
#1880=VERTEX_POINT('',#4707);
#1881=VERTEX_POINT('',#4710);
#1882=VERTEX_POINT('',#4713);
#1883=VERTEX_POINT('',#4716);
#1884=VERTEX_POINT('',#4719);
#1885=CIRCLE('',#2859,0.0003);
#1886=CIRCLE('',#2861,0.0003);
#1887=CIRCLE('',#2863,0.0009);
#1888=CIRCLE('',#2865,0.0009);
#1889=CIRCLE('',#2867,0.00066);
#1890=CIRCLE('',#2869,0.00066);
#1891=CIRCLE('',#2871,0.00023);
#1892=CIRCLE('',#2873,0.00023);
#1893=CIRCLE('',#2877,0.0003);
#1894=CIRCLE('',#2879,0.0003);
#1895=CIRCLE('',#2881,0.0009);
#1896=CIRCLE('',#2883,0.0009);
#1897=CIRCLE('',#2885,0.00066);
#1898=CIRCLE('',#2887,0.00066);
#1899=CIRCLE('',#2889,0.00023);
#1900=CIRCLE('',#2891,0.00023);
#1901=CIRCLE('',#2895,0.0003);
#1902=CIRCLE('',#2897,0.0003);
#1903=CIRCLE('',#2899,0.0009);
#1904=CIRCLE('',#2901,0.0009);
#1905=CIRCLE('',#2903,0.00066);
#1906=CIRCLE('',#2905,0.00066);
#1907=CIRCLE('',#2907,0.00023);
#1908=CIRCLE('',#2909,0.00023);
#1909=CIRCLE('',#2918,0.00125);
#1910=CIRCLE('',#2919,0.00125);
#1911=CIRCLE('',#2921,0.00125);
#1912=CIRCLE('',#2922,0.00125);
#1913=CIRCLE('',#2931,0.0003);
#1914=CIRCLE('',#2933,0.0003);
#1915=CIRCLE('',#2935,0.0009);
#1916=CIRCLE('',#2937,0.0009);
#1917=CIRCLE('',#2939,0.00066);
#1918=CIRCLE('',#2941,0.00066);
#1919=CIRCLE('',#2943,0.00023);
#1920=CIRCLE('',#2945,0.00023);
#1921=CIRCLE('',#2949,0.0003);
#1922=CIRCLE('',#2951,0.0003);
#1923=CIRCLE('',#2953,0.0009);
#1924=CIRCLE('',#2955,0.0009);
#1925=CIRCLE('',#2957,0.00066);
#1926=CIRCLE('',#2959,0.00066);
#1927=CIRCLE('',#2961,0.00023);
#1928=CIRCLE('',#2963,0.00023);
#1929=CIRCLE('',#2967,0.0003);
#1930=CIRCLE('',#2969,0.0003);
#1931=CIRCLE('',#2971,0.0009);
#1932=CIRCLE('',#2973,0.0009);
#1933=CIRCLE('',#2975,0.00066);
#1934=CIRCLE('',#2977,0.00066);
#1935=CIRCLE('',#2979,0.00023);
#1936=CIRCLE('',#2981,0.00023);
#1937=CIRCLE('',#2985,0.00066);
#1938=CIRCLE('',#2986,0.00066);
#1939=CIRCLE('',#2988,0.00066);
#1940=CIRCLE('',#2989,0.00066);
#1941=CIRCLE('',#2991,0.00066);
#1942=CIRCLE('',#2992,0.00066);
#1943=CIRCLE('',#2994,0.00066);
#1944=CIRCLE('',#2995,0.00066);
#1945=CIRCLE('',#2997,0.00066);
#1946=CIRCLE('',#2998,0.00066);
#1947=CIRCLE('',#3000,0.00066);
#1948=CIRCLE('',#3001,0.00066);
#1949=CIRCLE('',#3003,0.00066);
#1950=CIRCLE('',#3004,0.00066);
#1951=CIRCLE('',#3006,0.0009);
#1952=CIRCLE('',#3007,0.0009);
#1953=CIRCLE('',#3008,0.0009);
#1954=CIRCLE('',#3009,0.0009);
#1955=CIRCLE('',#3010,0.0009);
#1956=CIRCLE('',#3011,0.0009);
#1957=CIRCLE('',#3012,0.0009);
#1958=CIRCLE('',#3013,0.0009);
#1959=CIRCLE('',#3015,0.0009);
#1960=CIRCLE('',#3018,0.0009);
#1961=CIRCLE('',#3021,0.0009);
#1962=CIRCLE('',#3024,0.0009);
#1963=CIRCLE('',#3027,0.0009);
#1964=CIRCLE('',#3030,0.0009);
#1965=CIRCLE('',#3033,0.0009);
#1966=CIRCLE('',#3036,0.00066);
#1967=CIRCLE('',#3106,0.0009);
#1968=CIRCLE('',#3108,0.00066);
#1969=CIRCLE('',#3112,0.0003);
#1970=CIRCLE('',#3114,0.0003);
#1971=CIRCLE('',#3116,0.0009);
#1972=CIRCLE('',#3118,0.0009);
#1973=CIRCLE('',#3120,0.00066);
#1974=CIRCLE('',#3122,0.00066);
#1975=CIRCLE('',#3124,0.00023);
#1976=CIRCLE('',#3126,0.00023);
#1977=CIRCLE('',#3130,0.0003);
#1978=CIRCLE('',#3132,0.0003);
#1979=CIRCLE('',#3134,0.0009);
#1980=CIRCLE('',#3136,0.0009);
#1981=CIRCLE('',#3138,0.00066);
#1982=CIRCLE('',#3140,0.00066);
#1983=CIRCLE('',#3142,0.00023);
#1984=CIRCLE('',#3144,0.00023);
#1985=EDGE_LOOP('',(#649));
#1986=EDGE_LOOP('',(#650));
#1987=EDGE_LOOP('',(#651));
#1988=EDGE_LOOP('',(#652));
#1989=EDGE_LOOP('',(#653));
#1990=EDGE_LOOP('',(#654));
#1991=EDGE_LOOP('',(#655));
#1992=EDGE_LOOP('',(#656));
#1993=EDGE_LOOP('',(#657));
#1994=EDGE_LOOP('',(#658));
#1995=EDGE_LOOP('',(#659));
#1996=EDGE_LOOP('',(#660));
#1997=EDGE_LOOP('',(#661));
#1998=EDGE_LOOP('',(#662));
#1999=EDGE_LOOP('',(#663));
#2000=EDGE_LOOP('',(#664));
#2001=EDGE_LOOP('',(#665));
#2002=EDGE_LOOP('',(#666));
#2003=EDGE_LOOP('',(#667));
#2004=EDGE_LOOP('',(#668));
#2005=EDGE_LOOP('',(#669));
#2006=EDGE_LOOP('',(#670));
#2007=EDGE_LOOP('',(#671));
#2008=EDGE_LOOP('',(#672));
#2009=EDGE_LOOP('',(#673));
#2010=EDGE_LOOP('',(#674));
#2011=EDGE_LOOP('',(#675));
#2012=EDGE_LOOP('',(#676));
#2013=EDGE_LOOP('',(#677));
#2014=EDGE_LOOP('',(#678));
#2015=EDGE_LOOP('',(#679));
#2016=EDGE_LOOP('',(#680));
#2017=EDGE_LOOP('',(#681));
#2018=EDGE_LOOP('',(#682));
#2019=EDGE_LOOP('',(#683));
#2020=EDGE_LOOP('',(#684));
#2021=EDGE_LOOP('',(#685));
#2022=EDGE_LOOP('',(#686));
#2023=EDGE_LOOP('',(#687));
#2024=EDGE_LOOP('',(#688));
#2025=EDGE_LOOP('',(#689));
#2026=EDGE_LOOP('',(#690));
#2027=EDGE_LOOP('',(#691));
#2028=EDGE_LOOP('',(#692));
#2029=EDGE_LOOP('',(#693));
#2030=EDGE_LOOP('',(#694));
#2031=EDGE_LOOP('',(#695));
#2032=EDGE_LOOP('',(#696));
#2033=EDGE_LOOP('',(#697,#698,#699,#700));
#2034=EDGE_LOOP('',(#701,#702,#703,#704));
#2035=EDGE_LOOP('',(#705,#706,#707,#708));
#2036=EDGE_LOOP('',(#709,#710,#711,#712));
#2037=EDGE_LOOP('',(#713,#714,#715,#716));
#2038=EDGE_LOOP('',(#717,#718,#719,#720));
#2039=EDGE_LOOP('',(#721));
#2040=EDGE_LOOP('',(#722));
#2041=EDGE_LOOP('',(#723,#724,#725,#726));
#2042=EDGE_LOOP('',(#727));
#2043=EDGE_LOOP('',(#728));
#2044=EDGE_LOOP('',(#729,#730,#731,#732));
#2045=EDGE_LOOP('',(#733,#734,#735,#736));
#2046=EDGE_LOOP('',(#737));
#2047=EDGE_LOOP('',(#738));
#2048=EDGE_LOOP('',(#739));
#2049=EDGE_LOOP('',(#740));
#2050=EDGE_LOOP('',(#741,#742,#743,#744));
#2051=EDGE_LOOP('',(#745,#746,#747,#748));
#2052=EDGE_LOOP('',(#749,#750,#751,#752));
#2053=EDGE_LOOP('',(#753));
#2054=EDGE_LOOP('',(#754));
#2055=EDGE_LOOP('',(#755));
#2056=EDGE_LOOP('',(#756));
#2057=EDGE_LOOP('',(#757));
#2058=EDGE_LOOP('',(#758));
#2059=EDGE_LOOP('',(#759));
#2060=EDGE_LOOP('',(#760));
#2061=EDGE_LOOP('',(#761));
#2062=EDGE_LOOP('',(#762));
#2063=EDGE_LOOP('',(#763));
#2064=EDGE_LOOP('',(#764));
#2065=EDGE_LOOP('',(#765));
#2066=EDGE_LOOP('',(#766));
#2067=EDGE_LOOP('',(#767));
#2068=EDGE_LOOP('',(#768));
#2069=EDGE_LOOP('',(#769));
#2070=EDGE_LOOP('',(#770));
#2071=EDGE_LOOP('',(#771));
#2072=EDGE_LOOP('',(#772));
#2073=EDGE_LOOP('',(#773));
#2074=EDGE_LOOP('',(#774));
#2075=EDGE_LOOP('',(#775));
#2076=EDGE_LOOP('',(#776));
#2077=EDGE_LOOP('',(#777));
#2078=EDGE_LOOP('',(#778));
#2079=EDGE_LOOP('',(#779));
#2080=EDGE_LOOP('',(#780));
#2081=EDGE_LOOP('',(#781));
#2082=EDGE_LOOP('',(#782));
#2083=EDGE_LOOP('',(#783));
#2084=EDGE_LOOP('',(#784));
#2085=EDGE_LOOP('',(#785));
#2086=EDGE_LOOP('',(#786));
#2087=EDGE_LOOP('',(#787));
#2088=EDGE_LOOP('',(#788));
#2089=EDGE_LOOP('',(#789));
#2090=EDGE_LOOP('',(#790));
#2091=EDGE_LOOP('',(#791));
#2092=EDGE_LOOP('',(#792));
#2093=EDGE_LOOP('',(#793));
#2094=EDGE_LOOP('',(#794));
#2095=EDGE_LOOP('',(#795));
#2096=EDGE_LOOP('',(#796));
#2097=EDGE_LOOP('',(#797));
#2098=EDGE_LOOP('',(#798));
#2099=EDGE_LOOP('',(#799));
#2100=EDGE_LOOP('',(#800));
#2101=EDGE_LOOP('',(#801));
#2102=EDGE_LOOP('',(#802));
#2103=EDGE_LOOP('',(#803));
#2104=EDGE_LOOP('',(#804));
#2105=EDGE_LOOP('',(#805));
#2106=EDGE_LOOP('',(#806));
#2107=EDGE_LOOP('',(#807));
#2108=EDGE_LOOP('',(#808));
#2109=EDGE_LOOP('',(#809));
#2110=EDGE_LOOP('',(#810));
#2111=EDGE_LOOP('',(#811));
#2112=EDGE_LOOP('',(#812));
#2113=EDGE_LOOP('',(#813));
#2114=EDGE_LOOP('',(#814));
#2115=EDGE_LOOP('',(#815,#816,#817,#818,#819,#820,#821,#822,#823,#824,#825,
#826,#827,#828,#829,#830,#831,#832,#833,#834,#835,#836,#837,#838,#839,#840,
#841,#842,#843,#844,#845,#846,#847,#848,#849,#850,#851,#852,#853,#854,#855,
#856,#857,#858,#859,#860,#861,#862,#863,#864,#865,#866,#867,#868,#869,#870,
#871,#872,#873,#874,#875,#876,#877,#878,#879,#880,#881,#882));
#2116=EDGE_LOOP('',(#883));
#2117=EDGE_LOOP('',(#884));
#2118=EDGE_LOOP('',(#885));
#2119=EDGE_LOOP('',(#886));
#2120=EDGE_LOOP('',(#887));
#2121=EDGE_LOOP('',(#888));
#2122=EDGE_LOOP('',(#889));
#2123=EDGE_LOOP('',(#890));
#2124=EDGE_LOOP('',(#891));
#2125=EDGE_LOOP('',(#892));
#2126=EDGE_LOOP('',(#893));
#2127=EDGE_LOOP('',(#894));
#2128=EDGE_LOOP('',(#895));
#2129=EDGE_LOOP('',(#896));
#2130=EDGE_LOOP('',(#897));
#2131=EDGE_LOOP('',(#898));
#2132=EDGE_LOOP('',(#899));
#2133=EDGE_LOOP('',(#900));
#2134=EDGE_LOOP('',(#901));
#2135=EDGE_LOOP('',(#902));
#2136=EDGE_LOOP('',(#903));
#2137=EDGE_LOOP('',(#904));
#2138=EDGE_LOOP('',(#905));
#2139=EDGE_LOOP('',(#906));
#2140=EDGE_LOOP('',(#907));
#2141=EDGE_LOOP('',(#908));
#2142=EDGE_LOOP('',(#909));
#2143=EDGE_LOOP('',(#910));
#2144=EDGE_LOOP('',(#911));
#2145=EDGE_LOOP('',(#912));
#2146=EDGE_LOOP('',(#913));
#2147=EDGE_LOOP('',(#914));
#2148=EDGE_LOOP('',(#915));
#2149=EDGE_LOOP('',(#916));
#2150=EDGE_LOOP('',(#917));
#2151=EDGE_LOOP('',(#918));
#2152=EDGE_LOOP('',(#919,#920,#921,#922,#923,#924,#925,#926,#927,#928,#929,
#930,#931,#932,#933,#934,#935,#936,#937,#938,#939,#940,#941,#942,#943,#944,
#945,#946,#947,#948,#949,#950,#951,#952,#953,#954,#955,#956,#957,#958,#959,
#960,#961,#962,#963,#964,#965,#966,#967,#968,#969,#970,#971,#972,#973,#974,
#975,#976,#977,#978,#979,#980,#981,#982,#983,#984,#985,#986));
#2153=EDGE_LOOP('',(#987));
#2154=EDGE_LOOP('',(#988));
#2155=EDGE_LOOP('',(#989));
#2156=EDGE_LOOP('',(#990));
#2157=EDGE_LOOP('',(#991));
#2158=EDGE_LOOP('',(#992));
#2159=EDGE_LOOP('',(#993));
#2160=EDGE_LOOP('',(#994));
#2161=EDGE_LOOP('',(#995,#996,#997,#998));
#2162=EDGE_LOOP('',(#999,#1000,#1001,#1002));
#2163=EDGE_LOOP('',(#1003,#1004,#1005,#1006));
#2164=EDGE_LOOP('',(#1007,#1008,#1009,#1010));
#2165=EDGE_LOOP('',(#1011,#1012,#1013,#1014));
#2166=EDGE_LOOP('',(#1015,#1016,#1017,#1018));
#2167=EDGE_LOOP('',(#1019,#1020,#1021,#1022));
#2168=EDGE_LOOP('',(#1023,#1024,#1025,#1026));
#2169=EDGE_LOOP('',(#1027,#1028,#1029,#1030));
#2170=EDGE_LOOP('',(#1031,#1032,#1033,#1034));
#2171=EDGE_LOOP('',(#1035,#1036,#1037,#1038));
#2172=EDGE_LOOP('',(#1039,#1040,#1041,#1042));
#2173=EDGE_LOOP('',(#1043,#1044,#1045,#1046));
#2174=EDGE_LOOP('',(#1047,#1048,#1049,#1050));
#2175=EDGE_LOOP('',(#1051,#1052,#1053,#1054));
#2176=EDGE_LOOP('',(#1055,#1056,#1057,#1058));
#2177=EDGE_LOOP('',(#1059,#1060,#1061,#1062));
#2178=EDGE_LOOP('',(#1063,#1064,#1065,#1066));
#2179=EDGE_LOOP('',(#1067,#1068,#1069,#1070));
#2180=EDGE_LOOP('',(#1071,#1072,#1073,#1074));
#2181=EDGE_LOOP('',(#1075,#1076,#1077,#1078));
#2182=EDGE_LOOP('',(#1079,#1080,#1081,#1082));
#2183=EDGE_LOOP('',(#1083,#1084,#1085,#1086));
#2184=EDGE_LOOP('',(#1087,#1088,#1089,#1090));
#2185=EDGE_LOOP('',(#1091,#1092,#1093,#1094));
#2186=EDGE_LOOP('',(#1095,#1096,#1097,#1098));
#2187=EDGE_LOOP('',(#1099,#1100,#1101,#1102));
#2188=EDGE_LOOP('',(#1103,#1104,#1105,#1106));
#2189=EDGE_LOOP('',(#1107,#1108,#1109,#1110));
#2190=EDGE_LOOP('',(#1111,#1112,#1113,#1114));
#2191=EDGE_LOOP('',(#1115,#1116,#1117,#1118));
#2192=EDGE_LOOP('',(#1119,#1120,#1121,#1122));
#2193=EDGE_LOOP('',(#1123,#1124,#1125,#1126));
#2194=EDGE_LOOP('',(#1127,#1128,#1129,#1130));
#2195=EDGE_LOOP('',(#1131,#1132,#1133,#1134));
#2196=EDGE_LOOP('',(#1135,#1136,#1137,#1138));
#2197=EDGE_LOOP('',(#1139,#1140,#1141,#1142));
#2198=EDGE_LOOP('',(#1143,#1144,#1145,#1146));
#2199=EDGE_LOOP('',(#1147,#1148,#1149,#1150));
#2200=EDGE_LOOP('',(#1151,#1152,#1153,#1154));
#2201=EDGE_LOOP('',(#1155,#1156,#1157,#1158));
#2202=EDGE_LOOP('',(#1159,#1160,#1161,#1162));
#2203=EDGE_LOOP('',(#1163,#1164,#1165,#1166));
#2204=EDGE_LOOP('',(#1167,#1168,#1169,#1170));
#2205=EDGE_LOOP('',(#1171,#1172,#1173,#1174));
#2206=EDGE_LOOP('',(#1175,#1176,#1177,#1178));
#2207=EDGE_LOOP('',(#1179,#1180,#1181,#1182));
#2208=EDGE_LOOP('',(#1183,#1184,#1185,#1186));
#2209=EDGE_LOOP('',(#1187,#1188,#1189,#1190));
#2210=EDGE_LOOP('',(#1191,#1192,#1193,#1194));
#2211=EDGE_LOOP('',(#1195,#1196,#1197,#1198));
#2212=EDGE_LOOP('',(#1199,#1200,#1201,#1202));
#2213=EDGE_LOOP('',(#1203,#1204,#1205,#1206));
#2214=EDGE_LOOP('',(#1207,#1208,#1209,#1210));
#2215=EDGE_LOOP('',(#1211,#1212,#1213,#1214));
#2216=EDGE_LOOP('',(#1215,#1216,#1217,#1218));
#2217=EDGE_LOOP('',(#1219,#1220,#1221,#1222));
#2218=EDGE_LOOP('',(#1223,#1224,#1225,#1226));
#2219=EDGE_LOOP('',(#1227,#1228,#1229,#1230));
#2220=EDGE_LOOP('',(#1231,#1232,#1233,#1234));
#2221=EDGE_LOOP('',(#1235,#1236,#1237,#1238));
#2222=EDGE_LOOP('',(#1239,#1240,#1241,#1242));
#2223=EDGE_LOOP('',(#1243,#1244,#1245,#1246));
#2224=EDGE_LOOP('',(#1247,#1248,#1249,#1250));
#2225=EDGE_LOOP('',(#1251,#1252,#1253,#1254));
#2226=EDGE_LOOP('',(#1255,#1256,#1257,#1258));
#2227=EDGE_LOOP('',(#1259,#1260,#1261,#1262));
#2228=EDGE_LOOP('',(#1263,#1264,#1265,#1266));
#2229=EDGE_LOOP('',(#1267));
#2230=EDGE_LOOP('',(#1268));
#2231=EDGE_LOOP('',(#1269));
#2232=EDGE_LOOP('',(#1270));
#2233=EDGE_LOOP('',(#1271));
#2234=EDGE_LOOP('',(#1272));
#2235=EDGE_LOOP('',(#1273));
#2236=EDGE_LOOP('',(#1274));
#2237=EDGE_LOOP('',(#1275));
#2238=EDGE_LOOP('',(#1276));
#2239=EDGE_LOOP('',(#1277));
#2240=EDGE_LOOP('',(#1278));
#2241=EDGE_LOOP('',(#1279));
#2242=EDGE_LOOP('',(#1280));
#2243=EDGE_LOOP('',(#1281));
#2244=EDGE_LOOP('',(#1282));
#2245=EDGE_LOOP('',(#1283));
#2246=EDGE_LOOP('',(#1284));
#2247=EDGE_LOOP('',(#1285));
#2248=EDGE_LOOP('',(#1286));
#2249=EDGE_LOOP('',(#1287));
#2250=EDGE_LOOP('',(#1288));
#2251=EDGE_LOOP('',(#1289));
#2252=EDGE_LOOP('',(#1290));
#2253=EDGE_LOOP('',(#1291));
#2254=EDGE_LOOP('',(#1292));
#2255=EDGE_LOOP('',(#1293));
#2256=EDGE_LOOP('',(#1294));
#2257=EDGE_LOOP('',(#1295));
#2258=EDGE_LOOP('',(#1296));
#2259=EDGE_LOOP('',(#1297));
#2260=EDGE_LOOP('',(#1298));
#2261=EDGE_LOOP('',(#1299));
#2262=EDGE_LOOP('',(#1300));
#2263=EDGE_LOOP('',(#1301));
#2264=EDGE_LOOP('',(#1302));
#2265=EDGE_LOOP('',(#1303));
#2266=EDGE_LOOP('',(#1304));
#2267=FACE_BOUND('',#1985,.T.);
#2268=FACE_BOUND('',#1986,.T.);
#2269=FACE_BOUND('',#1987,.T.);
#2270=FACE_BOUND('',#1988,.T.);
#2271=FACE_BOUND('',#1989,.T.);
#2272=FACE_BOUND('',#1990,.T.);
#2273=FACE_BOUND('',#1991,.T.);
#2274=FACE_BOUND('',#1992,.T.);
#2275=FACE_BOUND('',#1993,.T.);
#2276=FACE_BOUND('',#1994,.T.);
#2277=FACE_BOUND('',#1995,.T.);
#2278=FACE_BOUND('',#1996,.T.);
#2279=FACE_BOUND('',#1997,.T.);
#2280=FACE_BOUND('',#1998,.T.);
#2281=FACE_BOUND('',#1999,.T.);
#2282=FACE_BOUND('',#2000,.T.);
#2283=FACE_BOUND('',#2001,.T.);
#2284=FACE_BOUND('',#2002,.T.);
#2285=FACE_BOUND('',#2003,.T.);
#2286=FACE_BOUND('',#2004,.T.);
#2287=FACE_BOUND('',#2005,.T.);
#2288=FACE_BOUND('',#2006,.T.);
#2289=FACE_BOUND('',#2007,.T.);
#2290=FACE_BOUND('',#2008,.T.);
#2291=FACE_BOUND('',#2009,.T.);
#2292=FACE_BOUND('',#2010,.T.);
#2293=FACE_BOUND('',#2011,.T.);
#2294=FACE_BOUND('',#2012,.T.);
#2295=FACE_BOUND('',#2013,.T.);
#2296=FACE_BOUND('',#2014,.T.);
#2297=FACE_BOUND('',#2015,.T.);
#2298=FACE_BOUND('',#2016,.T.);
#2299=FACE_BOUND('',#2017,.T.);
#2300=FACE_BOUND('',#2018,.T.);
#2301=FACE_BOUND('',#2019,.T.);
#2302=FACE_BOUND('',#2020,.T.);
#2303=FACE_BOUND('',#2021,.T.);
#2304=FACE_BOUND('',#2022,.T.);
#2305=FACE_BOUND('',#2023,.T.);
#2306=FACE_BOUND('',#2024,.T.);
#2307=FACE_BOUND('',#2025,.T.);
#2308=FACE_BOUND('',#2026,.T.);
#2309=FACE_BOUND('',#2027,.T.);
#2310=FACE_BOUND('',#2028,.T.);
#2311=FACE_BOUND('',#2029,.T.);
#2312=FACE_BOUND('',#2030,.T.);
#2313=FACE_BOUND('',#2031,.T.);
#2314=FACE_BOUND('',#2032,.T.);
#2315=FACE_BOUND('',#2033,.T.);
#2316=FACE_BOUND('',#2034,.T.);
#2317=FACE_BOUND('',#2035,.T.);
#2318=FACE_BOUND('',#2036,.T.);
#2319=FACE_BOUND('',#2037,.T.);
#2320=FACE_BOUND('',#2038,.T.);
#2321=FACE_BOUND('',#2039,.T.);
#2322=FACE_BOUND('',#2040,.T.);
#2323=FACE_BOUND('',#2041,.T.);
#2324=FACE_BOUND('',#2042,.T.);
#2325=FACE_BOUND('',#2043,.T.);
#2326=FACE_BOUND('',#2044,.T.);
#2327=FACE_BOUND('',#2045,.T.);
#2328=FACE_BOUND('',#2046,.T.);
#2329=FACE_BOUND('',#2047,.T.);
#2330=FACE_BOUND('',#2048,.T.);
#2331=FACE_BOUND('',#2049,.T.);
#2332=FACE_BOUND('',#2050,.T.);
#2333=FACE_BOUND('',#2051,.T.);
#2334=FACE_BOUND('',#2052,.T.);
#2335=FACE_BOUND('',#2053,.T.);
#2336=FACE_BOUND('',#2054,.T.);
#2337=FACE_BOUND('',#2055,.T.);
#2338=FACE_BOUND('',#2056,.T.);
#2339=FACE_BOUND('',#2057,.T.);
#2340=FACE_BOUND('',#2058,.T.);
#2341=FACE_BOUND('',#2059,.T.);
#2342=FACE_BOUND('',#2060,.T.);
#2343=FACE_BOUND('',#2061,.T.);
#2344=FACE_BOUND('',#2062,.T.);
#2345=FACE_BOUND('',#2063,.T.);
#2346=FACE_BOUND('',#2064,.T.);
#2347=FACE_BOUND('',#2065,.T.);
#2348=FACE_BOUND('',#2066,.T.);
#2349=FACE_BOUND('',#2067,.T.);
#2350=FACE_BOUND('',#2068,.T.);
#2351=FACE_BOUND('',#2069,.T.);
#2352=FACE_BOUND('',#2070,.T.);
#2353=FACE_BOUND('',#2071,.T.);
#2354=FACE_BOUND('',#2072,.T.);
#2355=FACE_BOUND('',#2073,.T.);
#2356=FACE_BOUND('',#2074,.T.);
#2357=FACE_BOUND('',#2075,.T.);
#2358=FACE_BOUND('',#2076,.T.);
#2359=FACE_BOUND('',#2077,.T.);
#2360=FACE_BOUND('',#2078,.T.);
#2361=FACE_BOUND('',#2079,.T.);
#2362=FACE_BOUND('',#2080,.T.);
#2363=FACE_BOUND('',#2081,.T.);
#2364=FACE_BOUND('',#2082,.T.);
#2365=FACE_BOUND('',#2083,.T.);
#2366=FACE_BOUND('',#2084,.T.);
#2367=FACE_BOUND('',#2085,.T.);
#2368=FACE_BOUND('',#2086,.T.);
#2369=FACE_BOUND('',#2087,.T.);
#2370=FACE_BOUND('',#2088,.T.);
#2371=FACE_BOUND('',#2089,.T.);
#2372=FACE_BOUND('',#2090,.T.);
#2373=FACE_BOUND('',#2091,.T.);
#2374=FACE_BOUND('',#2092,.T.);
#2375=FACE_BOUND('',#2093,.T.);
#2376=FACE_BOUND('',#2094,.T.);
#2377=FACE_BOUND('',#2095,.T.);
#2378=FACE_BOUND('',#2096,.T.);
#2379=FACE_BOUND('',#2097,.T.);
#2380=FACE_BOUND('',#2098,.T.);
#2381=FACE_BOUND('',#2099,.T.);
#2382=FACE_BOUND('',#2100,.T.);
#2383=FACE_BOUND('',#2101,.T.);
#2384=FACE_BOUND('',#2102,.T.);
#2385=FACE_BOUND('',#2103,.T.);
#2386=FACE_BOUND('',#2104,.T.);
#2387=FACE_BOUND('',#2105,.T.);
#2388=FACE_BOUND('',#2106,.T.);
#2389=FACE_BOUND('',#2107,.T.);
#2390=FACE_BOUND('',#2108,.T.);
#2391=FACE_BOUND('',#2109,.T.);
#2392=FACE_BOUND('',#2110,.T.);
#2393=FACE_BOUND('',#2111,.T.);
#2394=FACE_BOUND('',#2112,.T.);
#2395=FACE_BOUND('',#2113,.T.);
#2396=FACE_BOUND('',#2114,.T.);
#2397=FACE_BOUND('',#2115,.T.);
#2398=FACE_BOUND('',#2116,.T.);
#2399=FACE_BOUND('',#2117,.T.);
#2400=FACE_BOUND('',#2118,.T.);
#2401=FACE_BOUND('',#2119,.T.);
#2402=FACE_BOUND('',#2120,.T.);
#2403=FACE_BOUND('',#2121,.T.);
#2404=FACE_BOUND('',#2122,.T.);
#2405=FACE_BOUND('',#2123,.T.);
#2406=FACE_BOUND('',#2124,.T.);
#2407=FACE_BOUND('',#2125,.T.);
#2408=FACE_BOUND('',#2126,.T.);
#2409=FACE_BOUND('',#2127,.T.);
#2410=FACE_BOUND('',#2128,.T.);
#2411=FACE_BOUND('',#2129,.T.);
#2412=FACE_BOUND('',#2130,.T.);
#2413=FACE_BOUND('',#2131,.T.);
#2414=FACE_BOUND('',#2132,.T.);
#2415=FACE_BOUND('',#2133,.T.);
#2416=FACE_BOUND('',#2134,.T.);
#2417=FACE_BOUND('',#2135,.T.);
#2418=FACE_BOUND('',#2136,.T.);
#2419=FACE_BOUND('',#2137,.T.);
#2420=FACE_BOUND('',#2138,.T.);
#2421=FACE_BOUND('',#2139,.T.);
#2422=FACE_BOUND('',#2140,.T.);
#2423=FACE_BOUND('',#2141,.T.);
#2424=FACE_BOUND('',#2142,.T.);
#2425=FACE_BOUND('',#2143,.T.);
#2426=FACE_BOUND('',#2144,.T.);
#2427=FACE_BOUND('',#2145,.T.);
#2428=FACE_BOUND('',#2146,.T.);
#2429=FACE_BOUND('',#2147,.T.);
#2430=FACE_BOUND('',#2148,.T.);
#2431=FACE_BOUND('',#2149,.T.);
#2432=FACE_BOUND('',#2150,.T.);
#2433=FACE_BOUND('',#2151,.T.);
#2434=FACE_BOUND('',#2152,.T.);
#2435=FACE_BOUND('',#2153,.T.);
#2436=FACE_BOUND('',#2154,.T.);
#2437=FACE_BOUND('',#2155,.T.);
#2438=FACE_BOUND('',#2156,.T.);
#2439=FACE_BOUND('',#2157,.T.);
#2440=FACE_BOUND('',#2158,.T.);
#2441=FACE_BOUND('',#2159,.T.);
#2442=FACE_BOUND('',#2160,.T.);
#2443=FACE_BOUND('',#2161,.T.);
#2444=FACE_BOUND('',#2162,.T.);
#2445=FACE_BOUND('',#2163,.T.);
#2446=FACE_BOUND('',#2164,.T.);
#2447=FACE_BOUND('',#2165,.T.);
#2448=FACE_BOUND('',#2166,.T.);
#2449=FACE_BOUND('',#2167,.T.);
#2450=FACE_BOUND('',#2168,.T.);
#2451=FACE_BOUND('',#2169,.T.);
#2452=FACE_BOUND('',#2170,.T.);
#2453=FACE_BOUND('',#2171,.T.);
#2454=FACE_BOUND('',#2172,.T.);
#2455=FACE_BOUND('',#2173,.T.);
#2456=FACE_BOUND('',#2174,.T.);
#2457=FACE_BOUND('',#2175,.T.);
#2458=FACE_BOUND('',#2176,.T.);
#2459=FACE_BOUND('',#2177,.T.);
#2460=FACE_BOUND('',#2178,.T.);
#2461=FACE_BOUND('',#2179,.T.);
#2462=FACE_BOUND('',#2180,.T.);
#2463=FACE_BOUND('',#2181,.T.);
#2464=FACE_BOUND('',#2182,.T.);
#2465=FACE_BOUND('',#2183,.T.);
#2466=FACE_BOUND('',#2184,.T.);
#2467=FACE_BOUND('',#2185,.T.);
#2468=FACE_BOUND('',#2186,.T.);
#2469=FACE_BOUND('',#2187,.T.);
#2470=FACE_BOUND('',#2188,.T.);
#2471=FACE_BOUND('',#2189,.T.);
#2472=FACE_BOUND('',#2190,.T.);
#2473=FACE_BOUND('',#2191,.T.);
#2474=FACE_BOUND('',#2192,.T.);
#2475=FACE_BOUND('',#2193,.T.);
#2476=FACE_BOUND('',#2194,.T.);
#2477=FACE_BOUND('',#2195,.T.);
#2478=FACE_BOUND('',#2196,.T.);
#2479=FACE_BOUND('',#2197,.T.);
#2480=FACE_BOUND('',#2198,.T.);
#2481=FACE_BOUND('',#2199,.T.);
#2482=FACE_BOUND('',#2200,.T.);
#2483=FACE_BOUND('',#2201,.T.);
#2484=FACE_BOUND('',#2202,.T.);
#2485=FACE_BOUND('',#2203,.T.);
#2486=FACE_BOUND('',#2204,.T.);
#2487=FACE_BOUND('',#2205,.T.);
#2488=FACE_BOUND('',#2206,.T.);
#2489=FACE_BOUND('',#2207,.T.);
#2490=FACE_BOUND('',#2208,.T.);
#2491=FACE_BOUND('',#2209,.T.);
#2492=FACE_BOUND('',#2210,.T.);
#2493=FACE_BOUND('',#2211,.T.);
#2494=FACE_BOUND('',#2212,.T.);
#2495=FACE_BOUND('',#2213,.T.);
#2496=FACE_BOUND('',#2214,.T.);
#2497=FACE_BOUND('',#2215,.T.);
#2498=FACE_BOUND('',#2216,.T.);
#2499=FACE_BOUND('',#2217,.T.);
#2500=FACE_BOUND('',#2218,.T.);
#2501=FACE_BOUND('',#2219,.T.);
#2502=FACE_BOUND('',#2220,.T.);
#2503=FACE_BOUND('',#2221,.T.);
#2504=FACE_BOUND('',#2222,.T.);
#2505=FACE_BOUND('',#2223,.T.);
#2506=FACE_BOUND('',#2224,.T.);
#2507=FACE_BOUND('',#2225,.T.);
#2508=FACE_BOUND('',#2226,.T.);
#2509=FACE_BOUND('',#2227,.T.);
#2510=FACE_BOUND('',#2228,.T.);
#2511=FACE_BOUND('',#2229,.T.);
#2512=FACE_BOUND('',#2230,.T.);
#2513=FACE_BOUND('',#2231,.T.);
#2514=FACE_BOUND('',#2232,.T.);
#2515=FACE_BOUND('',#2233,.T.);
#2516=FACE_BOUND('',#2234,.T.);
#2517=FACE_BOUND('',#2235,.T.);
#2518=FACE_BOUND('',#2236,.T.);
#2519=FACE_BOUND('',#2237,.T.);
#2520=FACE_BOUND('',#2238,.T.);
#2521=FACE_BOUND('',#2239,.T.);
#2522=FACE_BOUND('',#2240,.T.);
#2523=FACE_BOUND('',#2241,.T.);
#2524=FACE_BOUND('',#2242,.T.);
#2525=FACE_BOUND('',#2243,.T.);
#2526=FACE_BOUND('',#2244,.T.);
#2527=FACE_BOUND('',#2245,.T.);
#2528=FACE_BOUND('',#2246,.T.);
#2529=FACE_BOUND('',#2247,.T.);
#2530=FACE_BOUND('',#2248,.T.);
#2531=FACE_BOUND('',#2249,.T.);
#2532=FACE_BOUND('',#2250,.T.);
#2533=FACE_BOUND('',#2251,.T.);
#2534=FACE_BOUND('',#2252,.T.);
#2535=FACE_BOUND('',#2253,.T.);
#2536=FACE_BOUND('',#2254,.T.);
#2537=FACE_BOUND('',#2255,.T.);
#2538=FACE_BOUND('',#2256,.T.);
#2539=FACE_BOUND('',#2257,.T.);
#2540=FACE_BOUND('',#2258,.T.);
#2541=FACE_BOUND('',#2259,.T.);
#2542=FACE_BOUND('',#2260,.T.);
#2543=FACE_BOUND('',#2261,.T.);
#2544=FACE_BOUND('',#2262,.T.);
#2545=FACE_BOUND('',#2263,.T.);
#2546=FACE_BOUND('',#2264,.T.);
#2547=FACE_BOUND('',#2265,.T.);
#2548=FACE_BOUND('',#2266,.T.);
#2549=SPHERICAL_SURFACE('',#2858,0.0003);
#2550=SPHERICAL_SURFACE('',#2874,0.00023);
#2551=SPHERICAL_SURFACE('',#2876,0.0003);
#2552=SPHERICAL_SURFACE('',#2892,0.00023);
#2553=SPHERICAL_SURFACE('',#2894,0.0003);
#2554=SPHERICAL_SURFACE('',#2910,0.00023);
#2555=SPHERICAL_SURFACE('',#2930,0.0003);
#2556=SPHERICAL_SURFACE('',#2946,0.00023);
#2557=SPHERICAL_SURFACE('',#2948,0.0003);
#2558=SPHERICAL_SURFACE('',#2964,0.00023);
#2559=SPHERICAL_SURFACE('',#2966,0.0003);
#2560=SPHERICAL_SURFACE('',#2982,0.00023);
#2561=SPHERICAL_SURFACE('',#3111,0.0003);
#2562=SPHERICAL_SURFACE('',#3127,0.00023);
#2563=SPHERICAL_SURFACE('',#3129,0.0003);
#2564=SPHERICAL_SURFACE('',#3145,0.00023);
#2565=ADVANCED_FACE('',(#2267),#2549,.T.);
#2566=ADVANCED_FACE('',(#2268,#2269),#599,.T.);
#2567=ADVANCED_FACE('',(#2270,#2271),#494,.T.);
#2568=ADVANCED_FACE('',(#2272,#2273),#600,.T.);
#2569=ADVANCED_FACE('',(#2274,#2275),#495,.T.);
#2570=ADVANCED_FACE('',(#2276,#2277),#601,.T.);
#2571=ADVANCED_FACE('',(#2278,#2279),#486,.T.);
#2572=ADVANCED_FACE('',(#2280,#2281),#602,.T.);
#2573=ADVANCED_FACE('',(#2282),#2550,.T.);
#2574=ADVANCED_FACE('',(#2283),#2551,.T.);
#2575=ADVANCED_FACE('',(#2284,#2285),#603,.T.);
#2576=ADVANCED_FACE('',(#2286,#2287),#496,.T.);
#2577=ADVANCED_FACE('',(#2288,#2289),#604,.T.);
#2578=ADVANCED_FACE('',(#2290,#2291),#497,.T.);
#2579=ADVANCED_FACE('',(#2292,#2293),#605,.T.);
#2580=ADVANCED_FACE('',(#2294,#2295),#487,.T.);
#2581=ADVANCED_FACE('',(#2296,#2297),#606,.T.);
#2582=ADVANCED_FACE('',(#2298),#2552,.T.);
#2583=ADVANCED_FACE('',(#2299),#2553,.T.);
#2584=ADVANCED_FACE('',(#2300,#2301),#607,.T.);
#2585=ADVANCED_FACE('',(#2302,#2303),#498,.T.);
#2586=ADVANCED_FACE('',(#2304,#2305),#608,.T.);
#2587=ADVANCED_FACE('',(#2306,#2307),#499,.T.);
#2588=ADVANCED_FACE('',(#2308,#2309),#609,.T.);
#2589=ADVANCED_FACE('',(#2310,#2311),#488,.T.);
#2590=ADVANCED_FACE('',(#2312,#2313),#610,.T.);
#2591=ADVANCED_FACE('',(#2314),#2554,.T.);
#2592=ADVANCED_FACE('',(#2315),#500,.T.);
#2593=ADVANCED_FACE('',(#2316),#501,.T.);
#2594=ADVANCED_FACE('',(#2317),#502,.F.);
#2595=ADVANCED_FACE('',(#2318),#503,.F.);
#2596=ADVANCED_FACE('',(#2319),#504,.T.);
#2597=ADVANCED_FACE('',(#2320,#2321,#2322),#505,.F.);
#2598=ADVANCED_FACE('',(#2323,#2324,#2325,#2326),#506,.T.);
#2599=ADVANCED_FACE('',(#2327),#507,.T.);
#2600=ADVANCED_FACE('',(#2328,#2329),#611,.F.);
#2601=ADVANCED_FACE('',(#2330,#2331),#612,.F.);
#2602=ADVANCED_FACE('',(#2332),#508,.F.);
#2603=ADVANCED_FACE('',(#2333),#509,.F.);
#2604=ADVANCED_FACE('',(#2334),#510,.T.);
#2605=ADVANCED_FACE('',(#2335),#2555,.T.);
#2606=ADVANCED_FACE('',(#2336,#2337),#613,.T.);
#2607=ADVANCED_FACE('',(#2338,#2339),#511,.T.);
#2608=ADVANCED_FACE('',(#2340,#2341),#614,.T.);
#2609=ADVANCED_FACE('',(#2342,#2343),#512,.T.);
#2610=ADVANCED_FACE('',(#2344,#2345),#615,.T.);
#2611=ADVANCED_FACE('',(#2346,#2347),#489,.T.);
#2612=ADVANCED_FACE('',(#2348,#2349),#616,.T.);
#2613=ADVANCED_FACE('',(#2350),#2556,.T.);
#2614=ADVANCED_FACE('',(#2351),#2557,.T.);
#2615=ADVANCED_FACE('',(#2352,#2353),#617,.T.);
#2616=ADVANCED_FACE('',(#2354,#2355),#513,.T.);
#2617=ADVANCED_FACE('',(#2356,#2357),#618,.T.);
#2618=ADVANCED_FACE('',(#2358,#2359),#514,.T.);
#2619=ADVANCED_FACE('',(#2360,#2361),#619,.T.);
#2620=ADVANCED_FACE('',(#2362,#2363),#490,.T.);
#2621=ADVANCED_FACE('',(#2364,#2365),#620,.T.);
#2622=ADVANCED_FACE('',(#2366),#2558,.T.);
#2623=ADVANCED_FACE('',(#2367),#2559,.T.);
#2624=ADVANCED_FACE('',(#2368,#2369),#621,.T.);
#2625=ADVANCED_FACE('',(#2370,#2371),#515,.T.);
#2626=ADVANCED_FACE('',(#2372,#2373),#622,.T.);
#2627=ADVANCED_FACE('',(#2374,#2375),#516,.T.);
#2628=ADVANCED_FACE('',(#2376,#2377),#623,.T.);
#2629=ADVANCED_FACE('',(#2378,#2379),#491,.T.);
#2630=ADVANCED_FACE('',(#2380,#2381),#624,.T.);
#2631=ADVANCED_FACE('',(#2382),#2560,.T.);
#2632=ADVANCED_FACE('',(#2383,#2384),#625,.F.);
#2633=ADVANCED_FACE('',(#2385,#2386),#626,.F.);
#2634=ADVANCED_FACE('',(#2387,#2388),#627,.F.);
#2635=ADVANCED_FACE('',(#2389,#2390),#628,.F.);
#2636=ADVANCED_FACE('',(#2391,#2392),#629,.F.);
#2637=ADVANCED_FACE('',(#2393,#2394),#630,.F.);
#2638=ADVANCED_FACE('',(#2395,#2396),#631,.F.);
#2639=ADVANCED_FACE('',(#2397,#2398,#2399,#2400,#2401,#2402,#2403,#2404,
#2405),#517,.T.);
#2640=ADVANCED_FACE('',(#2406,#2407),#518,.T.);
#2641=ADVANCED_FACE('',(#2408,#2409),#632,.F.);
#2642=ADVANCED_FACE('',(#2410,#2411),#519,.T.);
#2643=ADVANCED_FACE('',(#2412,#2413),#633,.F.);
#2644=ADVANCED_FACE('',(#2414,#2415),#520,.T.);
#2645=ADVANCED_FACE('',(#2416,#2417),#634,.F.);
#2646=ADVANCED_FACE('',(#2418,#2419),#521,.T.);
#2647=ADVANCED_FACE('',(#2420,#2421),#635,.F.);
#2648=ADVANCED_FACE('',(#2422,#2423),#522,.T.);
#2649=ADVANCED_FACE('',(#2424,#2425),#636,.F.);
#2650=ADVANCED_FACE('',(#2426,#2427),#523,.T.);
#2651=ADVANCED_FACE('',(#2428,#2429),#637,.F.);
#2652=ADVANCED_FACE('',(#2430,#2431),#524,.T.);
#2653=ADVANCED_FACE('',(#2432,#2433),#638,.F.);
#2654=ADVANCED_FACE('',(#2434,#2435,#2436,#2437,#2438,#2439,#2440,#2441,
#2442),#525,.F.);
#2655=ADVANCED_FACE('',(#2443),#526,.T.);
#2656=ADVANCED_FACE('',(#2444),#527,.T.);
#2657=ADVANCED_FACE('',(#2445),#528,.T.);
#2658=ADVANCED_FACE('',(#2446),#529,.T.);
#2659=ADVANCED_FACE('',(#2447),#530,.T.);
#2660=ADVANCED_FACE('',(#2448),#531,.T.);
#2661=ADVANCED_FACE('',(#2449),#532,.T.);
#2662=ADVANCED_FACE('',(#2450),#533,.T.);
#2663=ADVANCED_FACE('',(#2451),#534,.T.);
#2664=ADVANCED_FACE('',(#2452),#535,.T.);
#2665=ADVANCED_FACE('',(#2453),#536,.T.);
#2666=ADVANCED_FACE('',(#2454),#537,.T.);
#2667=ADVANCED_FACE('',(#2455),#538,.T.);
#2668=ADVANCED_FACE('',(#2456),#539,.T.);
#2669=ADVANCED_FACE('',(#2457),#540,.T.);
#2670=ADVANCED_FACE('',(#2458),#541,.T.);
#2671=ADVANCED_FACE('',(#2459),#542,.T.);
#2672=ADVANCED_FACE('',(#2460),#543,.T.);
#2673=ADVANCED_FACE('',(#2461),#544,.T.);
#2674=ADVANCED_FACE('',(#2462),#545,.T.);
#2675=ADVANCED_FACE('',(#2463),#546,.T.);
#2676=ADVANCED_FACE('',(#2464),#547,.T.);
#2677=ADVANCED_FACE('',(#2465),#548,.T.);
#2678=ADVANCED_FACE('',(#2466),#549,.T.);
#2679=ADVANCED_FACE('',(#2467),#550,.T.);
#2680=ADVANCED_FACE('',(#2468),#551,.T.);
#2681=ADVANCED_FACE('',(#2469),#552,.T.);
#2682=ADVANCED_FACE('',(#2470),#553,.T.);
#2683=ADVANCED_FACE('',(#2471),#554,.T.);
#2684=ADVANCED_FACE('',(#2472),#555,.T.);
#2685=ADVANCED_FACE('',(#2473),#556,.T.);
#2686=ADVANCED_FACE('',(#2474),#557,.T.);
#2687=ADVANCED_FACE('',(#2475),#558,.T.);
#2688=ADVANCED_FACE('',(#2476),#559,.T.);
#2689=ADVANCED_FACE('',(#2477),#560,.T.);
#2690=ADVANCED_FACE('',(#2478),#561,.T.);
#2691=ADVANCED_FACE('',(#2479),#562,.T.);
#2692=ADVANCED_FACE('',(#2480),#563,.T.);
#2693=ADVANCED_FACE('',(#2481),#564,.T.);
#2694=ADVANCED_FACE('',(#2482),#565,.T.);
#2695=ADVANCED_FACE('',(#2483),#566,.T.);
#2696=ADVANCED_FACE('',(#2484),#567,.T.);
#2697=ADVANCED_FACE('',(#2485),#568,.T.);
#2698=ADVANCED_FACE('',(#2486),#569,.T.);
#2699=ADVANCED_FACE('',(#2487),#570,.T.);
#2700=ADVANCED_FACE('',(#2488),#571,.T.);
#2701=ADVANCED_FACE('',(#2489),#572,.T.);
#2702=ADVANCED_FACE('',(#2490),#573,.T.);
#2703=ADVANCED_FACE('',(#2491),#574,.T.);
#2704=ADVANCED_FACE('',(#2492),#575,.T.);
#2705=ADVANCED_FACE('',(#2493),#576,.T.);
#2706=ADVANCED_FACE('',(#2494),#577,.T.);
#2707=ADVANCED_FACE('',(#2495),#578,.T.);
#2708=ADVANCED_FACE('',(#2496),#579,.T.);
#2709=ADVANCED_FACE('',(#2497),#580,.T.);
#2710=ADVANCED_FACE('',(#2498),#581,.T.);
#2711=ADVANCED_FACE('',(#2499),#582,.T.);
#2712=ADVANCED_FACE('',(#2500),#583,.T.);
#2713=ADVANCED_FACE('',(#2501),#584,.T.);
#2714=ADVANCED_FACE('',(#2502),#585,.T.);
#2715=ADVANCED_FACE('',(#2503),#586,.T.);
#2716=ADVANCED_FACE('',(#2504),#587,.T.);
#2717=ADVANCED_FACE('',(#2505),#588,.T.);
#2718=ADVANCED_FACE('',(#2506),#589,.T.);
#2719=ADVANCED_FACE('',(#2507),#590,.T.);
#2720=ADVANCED_FACE('',(#2508),#591,.T.);
#2721=ADVANCED_FACE('',(#2509),#592,.T.);
#2722=ADVANCED_FACE('',(#2510),#593,.T.);
#2723=ADVANCED_FACE('',(#2511,#2512),#639,.F.);
#2724=ADVANCED_FACE('',(#2513,#2514),#640,.F.);
#2725=ADVANCED_FACE('',(#2515,#2516),#594,.T.);
#2726=ADVANCED_FACE('',(#2517),#2561,.T.);
#2727=ADVANCED_FACE('',(#2518,#2519),#641,.T.);
#2728=ADVANCED_FACE('',(#2520,#2521),#595,.T.);
#2729=ADVANCED_FACE('',(#2522,#2523),#642,.T.);
#2730=ADVANCED_FACE('',(#2524,#2525),#596,.T.);
#2731=ADVANCED_FACE('',(#2526,#2527),#643,.T.);
#2732=ADVANCED_FACE('',(#2528,#2529),#492,.T.);
#2733=ADVANCED_FACE('',(#2530,#2531),#644,.T.);
#2734=ADVANCED_FACE('',(#2532),#2562,.T.);
#2735=ADVANCED_FACE('',(#2533),#2563,.T.);
#2736=ADVANCED_FACE('',(#2534,#2535),#645,.T.);
#2737=ADVANCED_FACE('',(#2536,#2537),#597,.T.);
#2738=ADVANCED_FACE('',(#2538,#2539),#646,.T.);
#2739=ADVANCED_FACE('',(#2540,#2541),#598,.T.);
#2740=ADVANCED_FACE('',(#2542,#2543),#647,.T.);
#2741=ADVANCED_FACE('',(#2544,#2545),#493,.T.);
#2742=ADVANCED_FACE('',(#2546,#2547),#648,.T.);
#2743=ADVANCED_FACE('',(#2548),#2564,.T.);
#2744=CLOSED_SHELL('',(#2565,#2566,#2567,#2568,#2569,#2570,#2571,#2572,
#2573));
#2745=CLOSED_SHELL('',(#2574,#2575,#2576,#2577,#2578,#2579,#2580,#2581,
#2582));
#2746=CLOSED_SHELL('',(#2583,#2584,#2585,#2586,#2587,#2588,#2589,#2590,
#2591));
#2747=CLOSED_SHELL('',(#2592,#2593,#2594,#2595,#2596,#2597,#2598,#2599,
#2600,#2601,#2602,#2603,#2604));
#2748=CLOSED_SHELL('',(#2605,#2606,#2607,#2608,#2609,#2610,#2611,#2612,
#2613));
#2749=CLOSED_SHELL('',(#2614,#2615,#2616,#2617,#2618,#2619,#2620,#2621,
#2622));
#2750=CLOSED_SHELL('',(#2623,#2624,#2625,#2626,#2627,#2628,#2629,#2630,
#2631));
#2751=CLOSED_SHELL('',(#2632,#2633,#2634,#2635,#2636,#2637,#2638,#2639,
#2640,#2641,#2642,#2643,#2644,#2645,#2646,#2647,#2648,#2649,#2650,#2651,
#2652,#2653,#2654,#2655,#2656,#2657,#2658,#2659,#2660,#2661,#2662,#2663,
#2664,#2665,#2666,#2667,#2668,#2669,#2670,#2671,#2672,#2673,#2674,#2675,
#2676,#2677,#2678,#2679,#2680,#2681,#2682,#2683,#2684,#2685,#2686,#2687,
#2688,#2689,#2690,#2691,#2692,#2693,#2694,#2695,#2696,#2697,#2698,#2699,
#2700,#2701,#2702,#2703,#2704,#2705,#2706,#2707,#2708,#2709,#2710,#2711,
#2712,#2713,#2714,#2715,#2716,#2717,#2718,#2719,#2720,#2721,#2722,#2723,
#2724,#2725));
#2752=CLOSED_SHELL('',(#2726,#2727,#2728,#2729,#2730,#2731,#2732,#2733,
#2734));
#2753=CLOSED_SHELL('',(#2735,#2736,#2737,#2738,#2739,#2740,#2741,#2742,
#2743));
#2754=STYLED_ITEM('',(#2764),#2827);
#2755=STYLED_ITEM('',(#2765),#2828);
#2756=STYLED_ITEM('',(#2766),#2829);
#2757=STYLED_ITEM('',(#2767),#2830);
#2758=STYLED_ITEM('',(#2768),#2831);
#2759=STYLED_ITEM('',(#2769),#2832);
#2760=STYLED_ITEM('',(#2770),#2833);
#2761=STYLED_ITEM('',(#2771),#2834);
#2762=STYLED_ITEM('',(#2772),#2835);
#2763=STYLED_ITEM('',(#2773),#2836);
#2764=PRESENTATION_STYLE_ASSIGNMENT((#2774));
#2765=PRESENTATION_STYLE_ASSIGNMENT((#2775));
#2766=PRESENTATION_STYLE_ASSIGNMENT((#2776));
#2767=PRESENTATION_STYLE_ASSIGNMENT((#2777));
#2768=PRESENTATION_STYLE_ASSIGNMENT((#2778));
#2769=PRESENTATION_STYLE_ASSIGNMENT((#2779));
#2770=PRESENTATION_STYLE_ASSIGNMENT((#2780));
#2771=PRESENTATION_STYLE_ASSIGNMENT((#2781));
#2772=PRESENTATION_STYLE_ASSIGNMENT((#2782));
#2773=PRESENTATION_STYLE_ASSIGNMENT((#2783));
#2774=SURFACE_STYLE_USAGE(.BOTH.,#2784);
#2775=SURFACE_STYLE_USAGE(.BOTH.,#2785);
#2776=SURFACE_STYLE_USAGE(.BOTH.,#2786);
#2777=SURFACE_STYLE_USAGE(.BOTH.,#2787);
#2778=SURFACE_STYLE_USAGE(.BOTH.,#2788);
#2779=SURFACE_STYLE_USAGE(.BOTH.,#2789);
#2780=SURFACE_STYLE_USAGE(.BOTH.,#2790);
#2781=SURFACE_STYLE_USAGE(.BOTH.,#2791);
#2782=SURFACE_STYLE_USAGE(.BOTH.,#2792);
#2783=SURFACE_STYLE_USAGE(.BOTH.,#2793);
#2784=SURFACE_SIDE_STYLE('',(#2794));
#2785=SURFACE_SIDE_STYLE('',(#2795));
#2786=SURFACE_SIDE_STYLE('',(#2796));
#2787=SURFACE_SIDE_STYLE('',(#2797));
#2788=SURFACE_SIDE_STYLE('',(#2798));
#2789=SURFACE_SIDE_STYLE('',(#2799));
#2790=SURFACE_SIDE_STYLE('',(#2800));
#2791=SURFACE_SIDE_STYLE('',(#2801));
#2792=SURFACE_SIDE_STYLE('',(#2802));
#2793=SURFACE_SIDE_STYLE('',(#2803));
#2794=SURFACE_STYLE_FILL_AREA(#2804);
#2795=SURFACE_STYLE_FILL_AREA(#2805);
#2796=SURFACE_STYLE_FILL_AREA(#2806);
#2797=SURFACE_STYLE_FILL_AREA(#2807);
#2798=SURFACE_STYLE_FILL_AREA(#2808);
#2799=SURFACE_STYLE_FILL_AREA(#2809);
#2800=SURFACE_STYLE_FILL_AREA(#2810);
#2801=SURFACE_STYLE_FILL_AREA(#2811);
#2802=SURFACE_STYLE_FILL_AREA(#2812);
#2803=SURFACE_STYLE_FILL_AREA(#2813);
#2804=FILL_AREA_STYLE('',(#2814));
#2805=FILL_AREA_STYLE('',(#2815));
#2806=FILL_AREA_STYLE('',(#2816));
#2807=FILL_AREA_STYLE('',(#2817));
#2808=FILL_AREA_STYLE('',(#2818));
#2809=FILL_AREA_STYLE('',(#2819));
#2810=FILL_AREA_STYLE('',(#2820));
#2811=FILL_AREA_STYLE('',(#2821));
#2812=FILL_AREA_STYLE('',(#2822));
#2813=FILL_AREA_STYLE('',(#2823));
#2814=FILL_AREA_STYLE_COLOUR('',#2824);
#2815=FILL_AREA_STYLE_COLOUR('',#2824);
#2816=FILL_AREA_STYLE_COLOUR('',#2824);
#2817=FILL_AREA_STYLE_COLOUR('',#2825);
#2818=FILL_AREA_STYLE_COLOUR('',#2824);
#2819=FILL_AREA_STYLE_COLOUR('',#2824);
#2820=FILL_AREA_STYLE_COLOUR('',#2824);
#2821=FILL_AREA_STYLE_COLOUR('',#2826);
#2822=FILL_AREA_STYLE_COLOUR('',#2824);
#2823=FILL_AREA_STYLE_COLOUR('',#2824);
#2824=COLOUR_RGB('',0.968627450980392,0.87843137254902,0.6);
#2825=COLOUR_RGB('',0.615686274509804,0.811764705882353,0.929411764705882);
#2826=COLOUR_RGB('',0.156862745098039,0.156862745098039,0.156862745098039);
#2827=MANIFOLD_SOLID_BREP('8 pin header v1_1__8 pin header v1_1',#2744);
#2828=MANIFOLD_SOLID_BREP('8 pin header v1_1__8 pin header v1_1',#2745);
#2829=MANIFOLD_SOLID_BREP('8 pin header v1_1__8 pin header v1_1',#2746);
#2830=MANIFOLD_SOLID_BREP('Part 1__Part 1',#2747);
#2831=MANIFOLD_SOLID_BREP('8 pin header v1_1__8 pin header v1_1',#2748);
#2832=MANIFOLD_SOLID_BREP('8 pin header v1_1__8 pin header v1_1',#2749);
#2833=MANIFOLD_SOLID_BREP('8 pin header v1_1__8 pin header v1_1',#2750);
#2834=MANIFOLD_SOLID_BREP('8 pin header v1_1__8 pin header v1_1',#2751);
#2835=MANIFOLD_SOLID_BREP('8 pin header v1_1__8 pin header v1_1',#2752);
#2836=MANIFOLD_SOLID_BREP('8 pin header v1_1__8 pin header v1_1',#2753);
#2837=SHAPE_DEFINITION_REPRESENTATION(#4781,#2847);
#2838=SHAPE_DEFINITION_REPRESENTATION(#4782,#2848);
#2839=SHAPE_DEFINITION_REPRESENTATION(#4783,#2849);
#2840=SHAPE_DEFINITION_REPRESENTATION(#4784,#2850);
#2841=SHAPE_DEFINITION_REPRESENTATION(#4785,#2851);
#2842=SHAPE_DEFINITION_REPRESENTATION(#4786,#2852);
#2843=SHAPE_DEFINITION_REPRESENTATION(#4787,#2853);
#2844=SHAPE_DEFINITION_REPRESENTATION(#4788,#2854);
#2845=SHAPE_DEFINITION_REPRESENTATION(#4789,#2855);
#2846=SHAPE_DEFINITION_REPRESENTATION(#4790,#2856);
#2847=SHAPE_REPRESENTATION('8 pin header v1_1__8 pin header v1_1',(#2857),
#4731);
#2848=SHAPE_REPRESENTATION('8 pin header v1_1__8 pin header v1_1',(#2875),
#4732);
#2849=SHAPE_REPRESENTATION('8 pin header v1_1__8 pin header v1_1',(#2893),
#4733);
#2850=SHAPE_REPRESENTATION('Part 1__Part 1',(#2911),#4734);
#2851=SHAPE_REPRESENTATION('8 pin header v1_1__8 pin header v1_1',(#2929),
#4735);
#2852=SHAPE_REPRESENTATION('8 pin header v1_1__8 pin header v1_1',(#2947),
#4736);
#2853=SHAPE_REPRESENTATION('8 pin header v1_1__8 pin header v1_1',(#2965),
#4737);
#2854=SHAPE_REPRESENTATION('8 pin header v1_1__8 pin header v1_1',(#2983),
#4738);
#2855=SHAPE_REPRESENTATION('8 pin header v1_1__8 pin header v1_1',(#3110),
#4739);
#2856=SHAPE_REPRESENTATION('8 pin header v1_1__8 pin header v1_1',(#3128),
#4740);
#2857=AXIS2_PLACEMENT_3D('',#3952,#3146,#3147);
#2858=AXIS2_PLACEMENT_3D('',#3953,#3148,#3149);
#2859=AXIS2_PLACEMENT_3D('',#3954,#3150,#3151);
#2860=AXIS2_PLACEMENT_3D('',#3956,#3152,#3153);
#2861=AXIS2_PLACEMENT_3D('',#3957,#3154,#3155);
#2862=AXIS2_PLACEMENT_3D('',#3959,#3156,#3157);
#2863=AXIS2_PLACEMENT_3D('',#3960,#3158,#3159);
#2864=AXIS2_PLACEMENT_3D('',#3962,#3160,#3161);
#2865=AXIS2_PLACEMENT_3D('',#3963,#3162,#3163);
#2866=AXIS2_PLACEMENT_3D('',#3965,#3164,#3165);
#2867=AXIS2_PLACEMENT_3D('',#3966,#3166,#3167);
#2868=AXIS2_PLACEMENT_3D('',#3968,#3168,#3169);
#2869=AXIS2_PLACEMENT_3D('',#3969,#3170,#3171);
#2870=AXIS2_PLACEMENT_3D('',#3971,#3172,#3173);
#2871=AXIS2_PLACEMENT_3D('',#3972,#3174,#3175);
#2872=AXIS2_PLACEMENT_3D('',#3974,#3176,#3177);
#2873=AXIS2_PLACEMENT_3D('',#3975,#3178,#3179);
#2874=AXIS2_PLACEMENT_3D('',#3977,#3180,#3181);
#2875=AXIS2_PLACEMENT_3D('',#3978,#3182,#3183);
#2876=AXIS2_PLACEMENT_3D('',#3979,#3184,#3185);
#2877=AXIS2_PLACEMENT_3D('',#3980,#3186,#3187);
#2878=AXIS2_PLACEMENT_3D('',#3982,#3188,#3189);
#2879=AXIS2_PLACEMENT_3D('',#3983,#3190,#3191);
#2880=AXIS2_PLACEMENT_3D('',#3985,#3192,#3193);
#2881=AXIS2_PLACEMENT_3D('',#3986,#3194,#3195);
#2882=AXIS2_PLACEMENT_3D('',#3988,#3196,#3197);
#2883=AXIS2_PLACEMENT_3D('',#3989,#3198,#3199);
#2884=AXIS2_PLACEMENT_3D('',#3991,#3200,#3201);
#2885=AXIS2_PLACEMENT_3D('',#3992,#3202,#3203);
#2886=AXIS2_PLACEMENT_3D('',#3994,#3204,#3205);
#2887=AXIS2_PLACEMENT_3D('',#3995,#3206,#3207);
#2888=AXIS2_PLACEMENT_3D('',#3997,#3208,#3209);
#2889=AXIS2_PLACEMENT_3D('',#3998,#3210,#3211);
#2890=AXIS2_PLACEMENT_3D('',#4000,#3212,#3213);
#2891=AXIS2_PLACEMENT_3D('',#4001,#3214,#3215);
#2892=AXIS2_PLACEMENT_3D('',#4003,#3216,#3217);
#2893=AXIS2_PLACEMENT_3D('',#4004,#3218,#3219);
#2894=AXIS2_PLACEMENT_3D('',#4005,#3220,#3221);
#2895=AXIS2_PLACEMENT_3D('',#4006,#3222,#3223);
#2896=AXIS2_PLACEMENT_3D('',#4008,#3224,#3225);
#2897=AXIS2_PLACEMENT_3D('',#4009,#3226,#3227);
#2898=AXIS2_PLACEMENT_3D('',#4011,#3228,#3229);
#2899=AXIS2_PLACEMENT_3D('',#4012,#3230,#3231);
#2900=AXIS2_PLACEMENT_3D('',#4014,#3232,#3233);
#2901=AXIS2_PLACEMENT_3D('',#4015,#3234,#3235);
#2902=AXIS2_PLACEMENT_3D('',#4017,#3236,#3237);
#2903=AXIS2_PLACEMENT_3D('',#4018,#3238,#3239);
#2904=AXIS2_PLACEMENT_3D('',#4020,#3240,#3241);
#2905=AXIS2_PLACEMENT_3D('',#4021,#3242,#3243);
#2906=AXIS2_PLACEMENT_3D('',#4023,#3244,#3245);
#2907=AXIS2_PLACEMENT_3D('',#4024,#3246,#3247);
#2908=AXIS2_PLACEMENT_3D('',#4026,#3248,#3249);
#2909=AXIS2_PLACEMENT_3D('',#4027,#3250,#3251);
#2910=AXIS2_PLACEMENT_3D('',#4029,#3252,#3253);
#2911=AXIS2_PLACEMENT_3D('',#4030,#3254,#3255);
#2912=AXIS2_PLACEMENT_3D('',#4031,#3256,#3257);
#2913=AXIS2_PLACEMENT_3D('',#4040,#3262,#3263);
#2914=AXIS2_PLACEMENT_3D('',#4046,#3267,#3268);
#2915=AXIS2_PLACEMENT_3D('',#4050,#3271,#3272);
#2916=AXIS2_PLACEMENT_3D('',#4054,#3275,#3276);
#2917=AXIS2_PLACEMENT_3D('',#4056,#3278,#3279);
#2918=AXIS2_PLACEMENT_3D('',#4065,#3284,#3285);
#2919=AXIS2_PLACEMENT_3D('',#4067,#3286,#3287);
#2920=AXIS2_PLACEMENT_3D('',#4069,#3288,#3289);
#2921=AXIS2_PLACEMENT_3D('',#4078,#3294,#3295);
#2922=AXIS2_PLACEMENT_3D('',#4080,#3296,#3297);
#2923=AXIS2_PLACEMENT_3D('',#4082,#3298,#3299);
#2924=AXIS2_PLACEMENT_3D('',#4085,#3302,#3303);
#2925=AXIS2_PLACEMENT_3D('',#4086,#3304,#3305);
#2926=AXIS2_PLACEMENT_3D('',#4087,#3306,#3307);
#2927=AXIS2_PLACEMENT_3D('',#4089,#3309,#3310);
#2928=AXIS2_PLACEMENT_3D('',#4091,#3312,#3313);
#2929=AXIS2_PLACEMENT_3D('',#4092,#3314,#3315);
#2930=AXIS2_PLACEMENT_3D('',#4093,#3316,#3317);
#2931=AXIS2_PLACEMENT_3D('',#4094,#3318,#3319);
#2932=AXIS2_PLACEMENT_3D('',#4096,#3320,#3321);
#2933=AXIS2_PLACEMENT_3D('',#4097,#3322,#3323);
#2934=AXIS2_PLACEMENT_3D('',#4099,#3324,#3325);
#2935=AXIS2_PLACEMENT_3D('',#4100,#3326,#3327);
#2936=AXIS2_PLACEMENT_3D('',#4102,#3328,#3329);
#2937=AXIS2_PLACEMENT_3D('',#4103,#3330,#3331);
#2938=AXIS2_PLACEMENT_3D('',#4105,#3332,#3333);
#2939=AXIS2_PLACEMENT_3D('',#4106,#3334,#3335);
#2940=AXIS2_PLACEMENT_3D('',#4108,#3336,#3337);
#2941=AXIS2_PLACEMENT_3D('',#4109,#3338,#3339);
#2942=AXIS2_PLACEMENT_3D('',#4111,#3340,#3341);
#2943=AXIS2_PLACEMENT_3D('',#4112,#3342,#3343);
#2944=AXIS2_PLACEMENT_3D('',#4114,#3344,#3345);
#2945=AXIS2_PLACEMENT_3D('',#4115,#3346,#3347);
#2946=AXIS2_PLACEMENT_3D('',#4117,#3348,#3349);
#2947=AXIS2_PLACEMENT_3D('',#4118,#3350,#3351);
#2948=AXIS2_PLACEMENT_3D('',#4119,#3352,#3353);
#2949=AXIS2_PLACEMENT_3D('',#4120,#3354,#3355);
#2950=AXIS2_PLACEMENT_3D('',#4122,#3356,#3357);
#2951=AXIS2_PLACEMENT_3D('',#4123,#3358,#3359);
#2952=AXIS2_PLACEMENT_3D('',#4125,#3360,#3361);
#2953=AXIS2_PLACEMENT_3D('',#4126,#3362,#3363);
#2954=AXIS2_PLACEMENT_3D('',#4128,#3364,#3365);
#2955=AXIS2_PLACEMENT_3D('',#4129,#3366,#3367);
#2956=AXIS2_PLACEMENT_3D('',#4131,#3368,#3369);
#2957=AXIS2_PLACEMENT_3D('',#4132,#3370,#3371);
#2958=AXIS2_PLACEMENT_3D('',#4134,#3372,#3373);
#2959=AXIS2_PLACEMENT_3D('',#4135,#3374,#3375);
#2960=AXIS2_PLACEMENT_3D('',#4137,#3376,#3377);
#2961=AXIS2_PLACEMENT_3D('',#4138,#3378,#3379);
#2962=AXIS2_PLACEMENT_3D('',#4140,#3380,#3381);
#2963=AXIS2_PLACEMENT_3D('',#4141,#3382,#3383);
#2964=AXIS2_PLACEMENT_3D('',#4143,#3384,#3385);
#2965=AXIS2_PLACEMENT_3D('',#4144,#3386,#3387);
#2966=AXIS2_PLACEMENT_3D('',#4145,#3388,#3389);
#2967=AXIS2_PLACEMENT_3D('',#4146,#3390,#3391);
#2968=AXIS2_PLACEMENT_3D('',#4148,#3392,#3393);
#2969=AXIS2_PLACEMENT_3D('',#4149,#3394,#3395);
#2970=AXIS2_PLACEMENT_3D('',#4151,#3396,#3397);
#2971=AXIS2_PLACEMENT_3D('',#4152,#3398,#3399);
#2972=AXIS2_PLACEMENT_3D('',#4154,#3400,#3401);
#2973=AXIS2_PLACEMENT_3D('',#4155,#3402,#3403);
#2974=AXIS2_PLACEMENT_3D('',#4157,#3404,#3405);
#2975=AXIS2_PLACEMENT_3D('',#4158,#3406,#3407);
#2976=AXIS2_PLACEMENT_3D('',#4160,#3408,#3409);
#2977=AXIS2_PLACEMENT_3D('',#4161,#3410,#3411);
#2978=AXIS2_PLACEMENT_3D('',#4163,#3412,#3413);
#2979=AXIS2_PLACEMENT_3D('',#4164,#3414,#3415);
#2980=AXIS2_PLACEMENT_3D('',#4166,#3416,#3417);
#2981=AXIS2_PLACEMENT_3D('',#4167,#3418,#3419);
#2982=AXIS2_PLACEMENT_3D('',#4169,#3420,#3421);
#2983=AXIS2_PLACEMENT_3D('',#4170,#3422,#3423);
#2984=AXIS2_PLACEMENT_3D('',#4171,#3424,#3425);
#2985=AXIS2_PLACEMENT_3D('',#4172,#3426,#3427);
#2986=AXIS2_PLACEMENT_3D('',#4174,#3428,#3429);
#2987=AXIS2_PLACEMENT_3D('',#4176,#3430,#3431);
#2988=AXIS2_PLACEMENT_3D('',#4177,#3432,#3433);
#2989=AXIS2_PLACEMENT_3D('',#4179,#3434,#3435);
#2990=AXIS2_PLACEMENT_3D('',#4181,#3436,#3437);
#2991=AXIS2_PLACEMENT_3D('',#4182,#3438,#3439);
#2992=AXIS2_PLACEMENT_3D('',#4184,#3440,#3441);
#2993=AXIS2_PLACEMENT_3D('',#4186,#3442,#3443);
#2994=AXIS2_PLACEMENT_3D('',#4187,#3444,#3445);
#2995=AXIS2_PLACEMENT_3D('',#4189,#3446,#3447);
#2996=AXIS2_PLACEMENT_3D('',#4191,#3448,#3449);
#2997=AXIS2_PLACEMENT_3D('',#4192,#3450,#3451);
#2998=AXIS2_PLACEMENT_3D('',#4194,#3452,#3453);
#2999=AXIS2_PLACEMENT_3D('',#4196,#3454,#3455);
#3000=AXIS2_PLACEMENT_3D('',#4197,#3456,#3457);
#3001=AXIS2_PLACEMENT_3D('',#4199,#3458,#3459);
#3002=AXIS2_PLACEMENT_3D('',#4201,#3460,#3461);
#3003=AXIS2_PLACEMENT_3D('',#4202,#3462,#3463);
#3004=AXIS2_PLACEMENT_3D('',#4204,#3464,#3465);
#3005=AXIS2_PLACEMENT_3D('',#4206,#3466,#3467);
#3006=AXIS2_PLACEMENT_3D('',#4343,#3536,#3537);
#3007=AXIS2_PLACEMENT_3D('',#4345,#3538,#3539);
#3008=AXIS2_PLACEMENT_3D('',#4347,#3540,#3541);
#3009=AXIS2_PLACEMENT_3D('',#4349,#3542,#3543);
#3010=AXIS2_PLACEMENT_3D('',#4351,#3544,#3545);
#3011=AXIS2_PLACEMENT_3D('',#4353,#3546,#3547);
#3012=AXIS2_PLACEMENT_3D('',#4355,#3548,#3549);
#3013=AXIS2_PLACEMENT_3D('',#4357,#3550,#3551);
#3014=AXIS2_PLACEMENT_3D('',#4359,#3552,#3553);
#3015=AXIS2_PLACEMENT_3D('',#4360,#3554,#3555);
#3016=AXIS2_PLACEMENT_3D('',#4362,#3556,#3557);
#3017=AXIS2_PLACEMENT_3D('',#4363,#3558,#3559);
#3018=AXIS2_PLACEMENT_3D('',#4364,#3560,#3561);
#3019=AXIS2_PLACEMENT_3D('',#4366,#3562,#3563);
#3020=AXIS2_PLACEMENT_3D('',#4367,#3564,#3565);
#3021=AXIS2_PLACEMENT_3D('',#4368,#3566,#3567);
#3022=AXIS2_PLACEMENT_3D('',#4370,#3568,#3569);
#3023=AXIS2_PLACEMENT_3D('',#4371,#3570,#3571);
#3024=AXIS2_PLACEMENT_3D('',#4372,#3572,#3573);
#3025=AXIS2_PLACEMENT_3D('',#4374,#3574,#3575);
#3026=AXIS2_PLACEMENT_3D('',#4375,#3576,#3577);
#3027=AXIS2_PLACEMENT_3D('',#4376,#3578,#3579);
#3028=AXIS2_PLACEMENT_3D('',#4378,#3580,#3581);
#3029=AXIS2_PLACEMENT_3D('',#4379,#3582,#3583);
#3030=AXIS2_PLACEMENT_3D('',#4380,#3584,#3585);
#3031=AXIS2_PLACEMENT_3D('',#4382,#3586,#3587);
#3032=AXIS2_PLACEMENT_3D('',#4383,#3588,#3589);
#3033=AXIS2_PLACEMENT_3D('',#4384,#3590,#3591);
#3034=AXIS2_PLACEMENT_3D('',#4386,#3592,#3593);
#3035=AXIS2_PLACEMENT_3D('',#4387,#3594,#3595);
#3036=AXIS2_PLACEMENT_3D('',#4524,#3664,#3665);
#3037=AXIS2_PLACEMENT_3D('',#4526,#3666,#3667);
#3038=AXIS2_PLACEMENT_3D('',#4529,#3670,#3671);
#3039=AXIS2_PLACEMENT_3D('',#4531,#3673,#3674);
#3040=AXIS2_PLACEMENT_3D('',#4533,#3676,#3677);
#3041=AXIS2_PLACEMENT_3D('',#4535,#3679,#3680);
#3042=AXIS2_PLACEMENT_3D('',#4537,#3682,#3683);
#3043=AXIS2_PLACEMENT_3D('',#4539,#3685,#3686);
#3044=AXIS2_PLACEMENT_3D('',#4541,#3688,#3689);
#3045=AXIS2_PLACEMENT_3D('',#4543,#3691,#3692);
#3046=AXIS2_PLACEMENT_3D('',#4545,#3694,#3695);
#3047=AXIS2_PLACEMENT_3D('',#4547,#3697,#3698);
#3048=AXIS2_PLACEMENT_3D('',#4549,#3700,#3701);
#3049=AXIS2_PLACEMENT_3D('',#4551,#3703,#3704);
#3050=AXIS2_PLACEMENT_3D('',#4553,#3706,#3707);
#3051=AXIS2_PLACEMENT_3D('',#4555,#3709,#3710);
#3052=AXIS2_PLACEMENT_3D('',#4557,#3712,#3713);
#3053=AXIS2_PLACEMENT_3D('',#4559,#3715,#3716);
#3054=AXIS2_PLACEMENT_3D('',#4561,#3718,#3719);
#3055=AXIS2_PLACEMENT_3D('',#4563,#3721,#3722);
#3056=AXIS2_PLACEMENT_3D('',#4565,#3724,#3725);
#3057=AXIS2_PLACEMENT_3D('',#4567,#3727,#3728);
#3058=AXIS2_PLACEMENT_3D('',#4569,#3730,#3731);
#3059=AXIS2_PLACEMENT_3D('',#4571,#3733,#3734);
#3060=AXIS2_PLACEMENT_3D('',#4573,#3736,#3737);
#3061=AXIS2_PLACEMENT_3D('',#4575,#3739,#3740);
#3062=AXIS2_PLACEMENT_3D('',#4577,#3742,#3743);
#3063=AXIS2_PLACEMENT_3D('',#4579,#3745,#3746);
#3064=AXIS2_PLACEMENT_3D('',#4581,#3748,#3749);
#3065=AXIS2_PLACEMENT_3D('',#4583,#3751,#3752);
#3066=AXIS2_PLACEMENT_3D('',#4585,#3754,#3755);
#3067=AXIS2_PLACEMENT_3D('',#4587,#3757,#3758);
#3068=AXIS2_PLACEMENT_3D('',#4589,#3760,#3761);
#3069=AXIS2_PLACEMENT_3D('',#4591,#3763,#3764);
#3070=AXIS2_PLACEMENT_3D('',#4593,#3766,#3767);
#3071=AXIS2_PLACEMENT_3D('',#4595,#3769,#3770);
#3072=AXIS2_PLACEMENT_3D('',#4597,#3772,#3773);
#3073=AXIS2_PLACEMENT_3D('',#4599,#3775,#3776);
#3074=AXIS2_PLACEMENT_3D('',#4601,#3778,#3779);
#3075=AXIS2_PLACEMENT_3D('',#4603,#3781,#3782);
#3076=AXIS2_PLACEMENT_3D('',#4605,#3784,#3785);
#3077=AXIS2_PLACEMENT_3D('',#4607,#3787,#3788);
#3078=AXIS2_PLACEMENT_3D('',#4609,#3790,#3791);
#3079=AXIS2_PLACEMENT_3D('',#4611,#3793,#3794);
#3080=AXIS2_PLACEMENT_3D('',#4613,#3796,#3797);
#3081=AXIS2_PLACEMENT_3D('',#4615,#3799,#3800);
#3082=AXIS2_PLACEMENT_3D('',#4617,#3802,#3803);
#3083=AXIS2_PLACEMENT_3D('',#4619,#3805,#3806);
#3084=AXIS2_PLACEMENT_3D('',#4621,#3808,#3809);
#3085=AXIS2_PLACEMENT_3D('',#4623,#3811,#3812);
#3086=AXIS2_PLACEMENT_3D('',#4625,#3814,#3815);
#3087=AXIS2_PLACEMENT_3D('',#4627,#3817,#3818);
#3088=AXIS2_PLACEMENT_3D('',#4629,#3820,#3821);
#3089=AXIS2_PLACEMENT_3D('',#4631,#3823,#3824);
#3090=AXIS2_PLACEMENT_3D('',#4633,#3826,#3827);
#3091=AXIS2_PLACEMENT_3D('',#4635,#3829,#3830);
#3092=AXIS2_PLACEMENT_3D('',#4637,#3832,#3833);
#3093=AXIS2_PLACEMENT_3D('',#4639,#3835,#3836);
#3094=AXIS2_PLACEMENT_3D('',#4641,#3838,#3839);
#3095=AXIS2_PLACEMENT_3D('',#4643,#3841,#3842);
#3096=AXIS2_PLACEMENT_3D('',#4645,#3844,#3845);
#3097=AXIS2_PLACEMENT_3D('',#4647,#3847,#3848);
#3098=AXIS2_PLACEMENT_3D('',#4649,#3850,#3851);
#3099=AXIS2_PLACEMENT_3D('',#4651,#3853,#3854);
#3100=AXIS2_PLACEMENT_3D('',#4653,#3856,#3857);
#3101=AXIS2_PLACEMENT_3D('',#4655,#3859,#3860);
#3102=AXIS2_PLACEMENT_3D('',#4657,#3862,#3863);
#3103=AXIS2_PLACEMENT_3D('',#4659,#3865,#3866);
#3104=AXIS2_PLACEMENT_3D('',#4661,#3868,#3869);
#3105=AXIS2_PLACEMENT_3D('',#4662,#3870,#3871);
#3106=AXIS2_PLACEMENT_3D('',#4663,#3872,#3873);
#3107=AXIS2_PLACEMENT_3D('',#4665,#3874,#3875);
#3108=AXIS2_PLACEMENT_3D('',#4666,#3876,#3877);
#3109=AXIS2_PLACEMENT_3D('',#4668,#3878,#3879);
#3110=AXIS2_PLACEMENT_3D('',#4669,#3880,#3881);
#3111=AXIS2_PLACEMENT_3D('',#4670,#3882,#3883);
#3112=AXIS2_PLACEMENT_3D('',#4671,#3884,#3885);
#3113=AXIS2_PLACEMENT_3D('',#4673,#3886,#3887);
#3114=AXIS2_PLACEMENT_3D('',#4674,#3888,#3889);
#3115=AXIS2_PLACEMENT_3D('',#4676,#3890,#3891);
#3116=AXIS2_PLACEMENT_3D('',#4677,#3892,#3893);
#3117=AXIS2_PLACEMENT_3D('',#4679,#3894,#3895);
#3118=AXIS2_PLACEMENT_3D('',#4680,#3896,#3897);
#3119=AXIS2_PLACEMENT_3D('',#4682,#3898,#3899);
#3120=AXIS2_PLACEMENT_3D('',#4683,#3900,#3901);
#3121=AXIS2_PLACEMENT_3D('',#4685,#3902,#3903);
#3122=AXIS2_PLACEMENT_3D('',#4686,#3904,#3905);
#3123=AXIS2_PLACEMENT_3D('',#4688,#3906,#3907);
#3124=AXIS2_PLACEMENT_3D('',#4689,#3908,#3909);
#3125=AXIS2_PLACEMENT_3D('',#4691,#3910,#3911);
#3126=AXIS2_PLACEMENT_3D('',#4692,#3912,#3913);
#3127=AXIS2_PLACEMENT_3D('',#4694,#3914,#3915);
#3128=AXIS2_PLACEMENT_3D('',#4695,#3916,#3917);
#3129=AXIS2_PLACEMENT_3D('',#4696,#3918,#3919);
#3130=AXIS2_PLACEMENT_3D('',#4697,#3920,#3921);
#3131=AXIS2_PLACEMENT_3D('',#4699,#3922,#3923);
#3132=AXIS2_PLACEMENT_3D('',#4700,#3924,#3925);
#3133=AXIS2_PLACEMENT_3D('',#4702,#3926,#3927);
#3134=AXIS2_PLACEMENT_3D('',#4703,#3928,#3929);
#3135=AXIS2_PLACEMENT_3D('',#4705,#3930,#3931);
#3136=AXIS2_PLACEMENT_3D('',#4706,#3932,#3933);
#3137=AXIS2_PLACEMENT_3D('',#4708,#3934,#3935);
#3138=AXIS2_PLACEMENT_3D('',#4709,#3936,#3937);
#3139=AXIS2_PLACEMENT_3D('',#4711,#3938,#3939);
#3140=AXIS2_PLACEMENT_3D('',#4712,#3940,#3941);
#3141=AXIS2_PLACEMENT_3D('',#4714,#3942,#3943);
#3142=AXIS2_PLACEMENT_3D('',#4715,#3944,#3945);
#3143=AXIS2_PLACEMENT_3D('',#4717,#3946,#3947);
#3144=AXIS2_PLACEMENT_3D('',#4718,#3948,#3949);
#3145=AXIS2_PLACEMENT_3D('',#4720,#3950,#3951);
#3146=DIRECTION('',(0.,0.,1.));
#3147=DIRECTION('',(1.,0.,0.));
#3148=DIRECTION('',(-6.12323399573675E-17,3.33066907387547E-16,1.));
#3149=DIRECTION('',(-8.71865221536717E-16,1.,-3.33066907387547E-16));
#3150=DIRECTION('',(-6.12323399573675E-17,3.33066907387547E-16,1.));
#3151=DIRECTION('',(0.,-1.,3.33066907387547E-16));
#3152=DIRECTION('',(0.,0.,1.));
#3153=DIRECTION('',(-8.71865221536716E-16,1.,0.));
#3154=DIRECTION('',(0.,0.,1.));
#3155=DIRECTION('',(1.,0.,0.));
#3156=DIRECTION('',(0.,0.,1.));
#3157=DIRECTION('',(-8.71865221536716E-16,1.,0.));
#3158=DIRECTION('',(0.,0.,1.));
#3159=DIRECTION('',(1.,0.,0.));
#3160=DIRECTION('',(0.,0.,1.));
#3161=DIRECTION('',(-8.71865221536716E-16,1.,0.));
#3162=DIRECTION('',(0.,0.,1.));
#3163=DIRECTION('',(1.,0.,0.));
#3164=DIRECTION('',(0.,0.,-1.));
#3165=DIRECTION('',(-8.71865221536716E-16,1.,0.));
#3166=DIRECTION('',(0.,0.,1.));
#3167=DIRECTION('',(1.,0.,0.));
#3168=DIRECTION('',(0.,0.,1.));
#3169=DIRECTION('',(-8.71865221536716E-16,1.,0.));
#3170=DIRECTION('',(0.,0.,1.));
#3171=DIRECTION('',(1.,0.,0.));
#3172=DIRECTION('',(0.,0.,1.));
#3173=DIRECTION('',(-8.71865221536716E-16,1.,0.));
#3174=DIRECTION('',(0.,0.,1.));
#3175=DIRECTION('',(1.,0.,0.));
#3176=DIRECTION('',(0.,0.,1.));
#3177=DIRECTION('',(-8.71865221536716E-16,1.,0.));
#3178=DIRECTION('',(0.,0.,1.));
#3179=DIRECTION('',(1.,0.,0.));
#3180=DIRECTION('',(-6.12323399573674E-17,3.33066907387547E-16,1.));
#3181=DIRECTION('',(-8.71865221536716E-16,1.,-3.33066907387547E-16));
#3182=DIRECTION('',(0.,0.,1.));
#3183=DIRECTION('',(1.,0.,0.));
#3184=DIRECTION('',(-6.12323399573675E-17,4.55531587302282E-16,1.));
#3185=DIRECTION('',(-8.71865221536717E-16,1.,-4.55531587302282E-16));
#3186=DIRECTION('',(-6.12323399573675E-17,4.55531587302282E-16,1.));
#3187=DIRECTION('',(0.,-1.,4.55531587302282E-16));
#3188=DIRECTION('',(0.,0.,1.));
#3189=DIRECTION('',(-8.71865221536716E-16,1.,0.));
#3190=DIRECTION('',(0.,0.,1.));
#3191=DIRECTION('',(1.,0.,0.));
#3192=DIRECTION('',(0.,0.,1.));
#3193=DIRECTION('',(-8.71865221536716E-16,1.,0.));
#3194=DIRECTION('',(0.,0.,1.));
#3195=DIRECTION('',(1.,0.,0.));
#3196=DIRECTION('',(0.,0.,1.));
#3197=DIRECTION('',(-8.71865221536716E-16,1.,0.));
#3198=DIRECTION('',(0.,0.,1.));
#3199=DIRECTION('',(1.,0.,0.));
#3200=DIRECTION('',(0.,0.,-1.));
#3201=DIRECTION('',(-8.71865221536716E-16,1.,0.));
#3202=DIRECTION('',(0.,0.,1.));
#3203=DIRECTION('',(1.,0.,0.));
#3204=DIRECTION('',(0.,0.,1.));
#3205=DIRECTION('',(-8.71865221536716E-16,1.,0.));
#3206=DIRECTION('',(0.,0.,1.));
#3207=DIRECTION('',(1.,0.,0.));
#3208=DIRECTION('',(0.,0.,1.));
#3209=DIRECTION('',(-8.71865221536716E-16,1.,0.));
#3210=DIRECTION('',(0.,0.,1.));
#3211=DIRECTION('',(1.,0.,0.));
#3212=DIRECTION('',(0.,0.,1.));
#3213=DIRECTION('',(-8.71865221536716E-16,1.,0.));
#3214=DIRECTION('',(0.,0.,1.));
#3215=DIRECTION('',(1.,0.,0.));
#3216=DIRECTION('',(-6.12323399573674E-17,4.55531587302282E-16,1.));
#3217=DIRECTION('',(-8.71865221536716E-16,1.,-4.55531587302282E-16));
#3218=DIRECTION('',(0.,0.,1.));
#3219=DIRECTION('',(1.,0.,0.));
#3220=DIRECTION('',(-6.12323399573675E-17,3.33066907387547E-16,1.));
#3221=DIRECTION('',(-8.71865221536717E-16,1.,-3.33066907387547E-16));
#3222=DIRECTION('',(-6.12323399573675E-17,3.33066907387547E-16,1.));
#3223=DIRECTION('',(0.,-1.,3.33066907387547E-16));
#3224=DIRECTION('',(0.,0.,1.));
#3225=DIRECTION('',(-8.71865221536716E-16,1.,0.));
#3226=DIRECTION('',(0.,0.,1.));
#3227=DIRECTION('',(1.,0.,0.));
#3228=DIRECTION('',(0.,0.,1.));
#3229=DIRECTION('',(-8.71865221536716E-16,1.,0.));
#3230=DIRECTION('',(0.,0.,1.));
#3231=DIRECTION('',(1.,0.,0.));
#3232=DIRECTION('',(0.,0.,1.));
#3233=DIRECTION('',(-8.71865221536716E-16,1.,0.));
#3234=DIRECTION('',(0.,0.,1.));
#3235=DIRECTION('',(1.,0.,0.));
#3236=DIRECTION('',(0.,0.,-1.));
#3237=DIRECTION('',(-8.71865221536716E-16,1.,0.));
#3238=DIRECTION('',(0.,0.,1.));
#3239=DIRECTION('',(1.,0.,0.));
#3240=DIRECTION('',(0.,0.,1.));
#3241=DIRECTION('',(-8.71865221536716E-16,1.,0.));
#3242=DIRECTION('',(0.,0.,1.));
#3243=DIRECTION('',(1.,0.,0.));
#3244=DIRECTION('',(0.,0.,1.));
#3245=DIRECTION('',(-8.71865221536716E-16,1.,0.));
#3246=DIRECTION('',(0.,0.,1.));
#3247=DIRECTION('',(1.,0.,0.));
#3248=DIRECTION('',(0.,0.,1.));
#3249=DIRECTION('',(-8.71865221536716E-16,1.,0.));
#3250=DIRECTION('',(0.,0.,1.));
#3251=DIRECTION('',(1.,0.,0.));
#3252=DIRECTION('',(-6.12323399573674E-17,3.33066907387547E-16,1.));
#3253=DIRECTION('',(-8.71865221536716E-16,1.,-3.33066907387547E-16));
#3254=DIRECTION('',(0.,0.,1.));
#3255=DIRECTION('',(1.,0.,0.));
#3256=DIRECTION('',(0.,0.,1.));
#3257=DIRECTION('',(1.,0.,0.));
#3258=DIRECTION('',(1.,0.,0.));
#3259=DIRECTION('',(0.,1.,0.));
#3260=DIRECTION('',(1.,0.,0.));
#3261=DIRECTION('',(0.,1.,0.));
#3262=DIRECTION('',(1.,0.,0.));
#3263=DIRECTION('',(0.,0.,-1.));
#3264=DIRECTION('',(0.,0.,-1.));
#3265=DIRECTION('',(0.,1.,0.));
#3266=DIRECTION('',(0.,0.,1.));
#3267=DIRECTION('',(0.,1.,0.));
#3268=DIRECTION('',(0.,0.,1.));
#3269=DIRECTION('',(1.,0.,0.));
#3270=DIRECTION('',(0.,0.,1.));
#3271=DIRECTION('',(1.,9.69119260322239E-17,0.));
#3272=DIRECTION('',(-9.69119260322239E-17,1.,0.));
#3273=DIRECTION('',(0.,1.,0.));
#3274=DIRECTION('',(0.,0.,1.));
#3275=DIRECTION('',(0.,1.,0.));
#3276=DIRECTION('',(0.,0.,1.));
#3277=DIRECTION('',(1.,0.,0.));
#3278=DIRECTION('',(0.,0.,1.));
#3279=DIRECTION('',(1.,0.,0.));
#3280=DIRECTION('',(1.,0.,0.));
#3281=DIRECTION('',(0.,1.,0.));
#3282=DIRECTION('',(1.,0.,0.));
#3283=DIRECTION('',(0.,1.,0.));
#3284=DIRECTION('',(0.,0.,-1.));
#3285=DIRECTION('',(-1.,0.,0.));
#3286=DIRECTION('',(0.,0.,-1.));
#3287=DIRECTION('',(-1.,0.,0.));
#3288=DIRECTION('',(0.,0.,1.));
#3289=DIRECTION('',(1.,0.,0.));
#3290=DIRECTION('',(1.,0.,0.));
#3291=DIRECTION('',(0.,1.,0.));
#3292=DIRECTION('',(1.,0.,0.));
#3293=DIRECTION('',(0.,1.,0.));
#3294=DIRECTION('',(0.,0.,-1.));
#3295=DIRECTION('',(-1.,0.,0.));
#3296=DIRECTION('',(0.,0.,-1.));
#3297=DIRECTION('',(-1.,0.,0.));
#3298=DIRECTION('',(1.,0.,0.));
#3299=DIRECTION('',(0.,0.,-1.));
#3300=DIRECTION('',(0.,0.,1.));
#3301=DIRECTION('',(0.,0.,-1.));
#3302=DIRECTION('',(0.,0.,-1.));
#3303=DIRECTION('',(-1.,0.,0.));
#3304=DIRECTION('',(0.,0.,-1.));
#3305=DIRECTION('',(-1.,0.,0.));
#3306=DIRECTION('',(0.,1.,0.));
#3307=DIRECTION('',(0.,0.,1.));
#3308=DIRECTION('',(0.,0.,1.));
#3309=DIRECTION('',(1.,0.,0.));
#3310=DIRECTION('',(0.,0.,-1.));
#3311=DIRECTION('',(0.,0.,-1.));
#3312=DIRECTION('',(0.,1.,0.));
#3313=DIRECTION('',(0.,0.,1.));
#3314=DIRECTION('',(0.,0.,1.));
#3315=DIRECTION('',(1.,0.,0.));
#3316=DIRECTION('',(-6.12323399573675E-17,3.33066907387547E-16,1.));
#3317=DIRECTION('',(-8.71865221536717E-16,1.,-3.33066907387547E-16));
#3318=DIRECTION('',(-6.12323399573675E-17,3.33066907387547E-16,1.));
#3319=DIRECTION('',(0.,-1.,3.33066907387547E-16));
#3320=DIRECTION('',(0.,0.,1.));
#3321=DIRECTION('',(-8.71865221536716E-16,1.,0.));
#3322=DIRECTION('',(0.,0.,1.));
#3323=DIRECTION('',(1.,0.,0.));
#3324=DIRECTION('',(0.,0.,1.));
#3325=DIRECTION('',(-8.71865221536716E-16,1.,0.));
#3326=DIRECTION('',(0.,0.,1.));
#3327=DIRECTION('',(1.,0.,0.));
#3328=DIRECTION('',(0.,0.,1.));
#3329=DIRECTION('',(-8.71865221536716E-16,1.,0.));
#3330=DIRECTION('',(0.,0.,1.));
#3331=DIRECTION('',(1.,0.,0.));
#3332=DIRECTION('',(0.,0.,-1.));
#3333=DIRECTION('',(-8.71865221536716E-16,1.,0.));
#3334=DIRECTION('',(0.,0.,1.));
#3335=DIRECTION('',(1.,0.,0.));
#3336=DIRECTION('',(0.,0.,1.));
#3337=DIRECTION('',(-8.71865221536716E-16,1.,0.));
#3338=DIRECTION('',(0.,0.,1.));
#3339=DIRECTION('',(1.,0.,0.));
#3340=DIRECTION('',(0.,0.,1.));
#3341=DIRECTION('',(-8.71865221536716E-16,1.,0.));
#3342=DIRECTION('',(0.,0.,1.));
#3343=DIRECTION('',(1.,0.,0.));
#3344=DIRECTION('',(0.,0.,1.));
#3345=DIRECTION('',(-8.71865221536716E-16,1.,0.));
#3346=DIRECTION('',(0.,0.,1.));
#3347=DIRECTION('',(1.,0.,0.));
#3348=DIRECTION('',(-6.12323399573674E-17,3.33066907387547E-16,1.));
#3349=DIRECTION('',(-8.71865221536716E-16,1.,-3.33066907387547E-16));
#3350=DIRECTION('',(0.,0.,1.));
#3351=DIRECTION('',(1.,0.,0.));
#3352=DIRECTION('',(-6.12323399573675E-17,3.33066907387547E-16,1.));
#3353=DIRECTION('',(-8.71865221536717E-16,1.,-3.33066907387547E-16));
#3354=DIRECTION('',(-6.12323399573675E-17,3.33066907387547E-16,1.));
#3355=DIRECTION('',(0.,-1.,3.33066907387547E-16));
#3356=DIRECTION('',(0.,0.,1.));
#3357=DIRECTION('',(-8.71865221536716E-16,1.,0.));
#3358=DIRECTION('',(0.,0.,1.));
#3359=DIRECTION('',(1.,0.,0.));
#3360=DIRECTION('',(0.,0.,1.));
#3361=DIRECTION('',(-8.71865221536716E-16,1.,0.));
#3362=DIRECTION('',(0.,0.,1.));
#3363=DIRECTION('',(1.,0.,0.));
#3364=DIRECTION('',(0.,0.,1.));
#3365=DIRECTION('',(-8.71865221536716E-16,1.,0.));
#3366=DIRECTION('',(0.,0.,1.));
#3367=DIRECTION('',(1.,0.,0.));
#3368=DIRECTION('',(0.,0.,-1.));
#3369=DIRECTION('',(-8.71865221536716E-16,1.,0.));
#3370=DIRECTION('',(0.,0.,1.));
#3371=DIRECTION('',(1.,0.,0.));
#3372=DIRECTION('',(0.,0.,1.));
#3373=DIRECTION('',(-8.71865221536716E-16,1.,0.));
#3374=DIRECTION('',(0.,0.,1.));
#3375=DIRECTION('',(1.,0.,0.));
#3376=DIRECTION('',(0.,0.,1.));
#3377=DIRECTION('',(-8.71865221536716E-16,1.,0.));
#3378=DIRECTION('',(0.,0.,1.));
#3379=DIRECTION('',(1.,0.,0.));
#3380=DIRECTION('',(0.,0.,1.));
#3381=DIRECTION('',(-8.71865221536716E-16,1.,0.));
#3382=DIRECTION('',(0.,0.,1.));
#3383=DIRECTION('',(1.,0.,0.));
#3384=DIRECTION('',(-6.12323399573674E-17,3.33066907387547E-16,1.));
#3385=DIRECTION('',(-8.71865221536716E-16,1.,-3.33066907387547E-16));
#3386=DIRECTION('',(0.,0.,1.));
#3387=DIRECTION('',(1.,0.,0.));
#3388=DIRECTION('',(-6.12323399573675E-17,3.33066907387547E-16,1.));
#3389=DIRECTION('',(-8.71865221536717E-16,1.,-3.33066907387547E-16));
#3390=DIRECTION('',(-6.12323399573675E-17,3.33066907387547E-16,1.));
#3391=DIRECTION('',(0.,-1.,3.33066907387547E-16));
#3392=DIRECTION('',(0.,0.,1.));
#3393=DIRECTION('',(-8.71865221536716E-16,1.,0.));
#3394=DIRECTION('',(0.,0.,1.));
#3395=DIRECTION('',(1.,0.,0.));
#3396=DIRECTION('',(0.,0.,1.));
#3397=DIRECTION('',(-8.71865221536716E-16,1.,0.));
#3398=DIRECTION('',(0.,0.,1.));
#3399=DIRECTION('',(1.,0.,0.));
#3400=DIRECTION('',(0.,0.,1.));
#3401=DIRECTION('',(-8.71865221536716E-16,1.,0.));
#3402=DIRECTION('',(0.,0.,1.));
#3403=DIRECTION('',(1.,0.,0.));
#3404=DIRECTION('',(0.,0.,-1.));
#3405=DIRECTION('',(-8.71865221536716E-16,1.,0.));
#3406=DIRECTION('',(0.,0.,1.));
#3407=DIRECTION('',(1.,0.,0.));
#3408=DIRECTION('',(0.,0.,1.));
#3409=DIRECTION('',(-8.71865221536716E-16,1.,0.));
#3410=DIRECTION('',(0.,0.,1.));
#3411=DIRECTION('',(1.,0.,0.));
#3412=DIRECTION('',(0.,0.,1.));
#3413=DIRECTION('',(-8.71865221536716E-16,1.,0.));
#3414=DIRECTION('',(0.,0.,1.));
#3415=DIRECTION('',(1.,0.,0.));
#3416=DIRECTION('',(0.,0.,1.));
#3417=DIRECTION('',(-8.71865221536716E-16,1.,0.));
#3418=DIRECTION('',(0.,0.,1.));
#3419=DIRECTION('',(1.,0.,0.));
#3420=DIRECTION('',(-6.12323399573674E-17,3.33066907387547E-16,1.));
#3421=DIRECTION('',(-8.71865221536716E-16,1.,-3.33066907387547E-16));
#3422=DIRECTION('',(0.,0.,1.));
#3423=DIRECTION('',(1.,0.,0.));
#3424=DIRECTION('',(0.,0.,1.));
#3425=DIRECTION('',(7.49400541621981E-16,-1.,0.));
#3426=DIRECTION('',(0.,0.,1.));
#3427=DIRECTION('',(1.,0.,0.));
#3428=DIRECTION('',(0.,0.,1.));
#3429=DIRECTION('',(1.,0.,0.));
#3430=DIRECTION('',(0.,0.,1.));
#3431=DIRECTION('',(7.49400541621981E-16,-1.,0.));
#3432=DIRECTION('',(0.,0.,1.));
#3433=DIRECTION('',(1.,0.,0.));
#3434=DIRECTION('',(0.,0.,1.));
#3435=DIRECTION('',(1.,0.,0.));
#3436=DIRECTION('',(0.,0.,1.));
#3437=DIRECTION('',(7.49400541621981E-16,-1.,0.));
#3438=DIRECTION('',(0.,0.,1.));
#3439=DIRECTION('',(1.,0.,0.));
#3440=DIRECTION('',(0.,0.,1.));
#3441=DIRECTION('',(1.,0.,0.));
#3442=DIRECTION('',(0.,0.,1.));
#3443=DIRECTION('',(7.49400541621981E-16,-1.,0.));
#3444=DIRECTION('',(0.,0.,1.));
#3445=DIRECTION('',(1.,0.,0.));
#3446=DIRECTION('',(0.,0.,1.));
#3447=DIRECTION('',(1.,0.,0.));
#3448=DIRECTION('',(0.,0.,1.));
#3449=DIRECTION('',(7.49400541621981E-16,-1.,0.));
#3450=DIRECTION('',(0.,0.,1.));
#3451=DIRECTION('',(1.,0.,0.));
#3452=DIRECTION('',(0.,0.,1.));
#3453=DIRECTION('',(1.,0.,0.));
#3454=DIRECTION('',(0.,0.,1.));
#3455=DIRECTION('',(7.49400541621981E-16,-1.,0.));
#3456=DIRECTION('',(0.,0.,1.));
#3457=DIRECTION('',(1.,0.,0.));
#3458=DIRECTION('',(0.,0.,1.));
#3459=DIRECTION('',(1.,0.,0.));
#3460=DIRECTION('',(0.,0.,1.));
#3461=DIRECTION('',(7.49400541621981E-16,-1.,0.));
#3462=DIRECTION('',(0.,0.,1.));
#3463=DIRECTION('',(1.,0.,0.));
#3464=DIRECTION('',(0.,0.,1.));
#3465=DIRECTION('',(1.,0.,0.));
#3466=DIRECTION('',(0.,0.,1.));
#3467=DIRECTION('',(7.49400541621981E-16,-1.,0.));
#3468=DIRECTION('',(7.49400541621981E-16,-1.,0.));
#3469=DIRECTION('',(-0.866025403784442,-0.5,0.));
#3470=DIRECTION('',(7.49400541621981E-16,-1.,0.));
#3471=DIRECTION('',(0.866025403784442,-0.5,0.));
#3472=DIRECTION('',(7.49400541621981E-16,-1.,0.));
#3473=DIRECTION('',(-0.866025403784444,-0.49999999999999,0.));
#3474=DIRECTION('',(7.49400541621981E-16,-1.,0.));
#3475=DIRECTION('',(0.866025403784444,-0.49999999999999,0.));
#3476=DIRECTION('',(7.49400541621981E-16,-1.,0.));
#3477=DIRECTION('',(-0.866025403784442,-0.5,0.));
#3478=DIRECTION('',(7.49400541621981E-16,-1.,0.));
#3479=DIRECTION('',(0.866025403784442,-0.5,0.));
#3480=DIRECTION('',(7.49400541621981E-16,-1.,0.));
#3481=DIRECTION('',(-0.866025403784442,-0.5,0.));
#3482=DIRECTION('',(7.49400541621981E-16,-1.,0.));
#3483=DIRECTION('',(0.866025403784444,-0.49999999999999,0.));
#3484=DIRECTION('',(7.49400541621981E-16,-1.,0.));
#3485=DIRECTION('',(-0.866025403784442,-0.5,0.));
#3486=DIRECTION('',(7.49400541621981E-16,-1.,0.));
#3487=DIRECTION('',(0.866025403784445,-0.49999999999999,0.));
#3488=DIRECTION('',(7.49400541621981E-16,-1.,0.));
#3489=DIRECTION('',(-0.866025403784442,-0.5,0.));
#3490=DIRECTION('',(7.49400541621981E-16,-1.,0.));
#3491=DIRECTION('',(0.866025403784439,-0.5,0.));
#3492=DIRECTION('',(7.49400541621981E-16,-1.,0.));
#3493=DIRECTION('',(-0.866025403784442,-0.5,0.));
#3494=DIRECTION('',(7.49400541621981E-16,-1.,0.));
#3495=DIRECTION('',(0.866025403784443,-0.499999999999993,0.));
#3496=DIRECTION('',(7.49400541621981E-16,-1.,0.));
#3497=DIRECTION('',(-0.866025403784441,-0.5,0.));
#3498=DIRECTION('',(7.49400541621981E-16,-1.,0.));
#3499=DIRECTION('',(0.866025403784442,-0.499999999999994,0.));
#3500=DIRECTION('',(7.49400541621981E-16,-1.,0.));
#3501=DIRECTION('',(1.,7.49400541621981E-16,0.));
#3502=DIRECTION('',(7.49400541621981E-16,-1.,0.));
#3503=DIRECTION('',(0.866025403784441,0.5,0.));
#3504=DIRECTION('',(7.49400541621981E-16,-1.,0.));
#3505=DIRECTION('',(-0.866025403784443,0.499999999999993,0.));
#3506=DIRECTION('',(7.49400541621981E-16,-1.,0.));
#3507=DIRECTION('',(0.866025403784441,0.5,0.));
#3508=DIRECTION('',(7.49400541621981E-16,-1.,0.));
#3509=DIRECTION('',(-0.866025403784444,0.49999999999999,0.));
#3510=DIRECTION('',(7.49400541621981E-16,-1.,0.));
#3511=DIRECTION('',(0.866025403784441,0.5,0.));
#3512=DIRECTION('',(7.49400541621981E-16,-1.,0.));
#3513=DIRECTION('',(-0.866025403784444,0.49999999999999,0.));
#3514=DIRECTION('',(7.49400541621981E-16,-1.,0.));
#3515=DIRECTION('',(0.866025403784441,0.5,0.));
#3516=DIRECTION('',(7.49400541621981E-16,-1.,0.));
#3517=DIRECTION('',(-0.866025403784442,0.5,0.));
#3518=DIRECTION('',(7.49400541621981E-16,-1.,0.));
#3519=DIRECTION('',(0.866025403784447,0.499999999999986,0.));
#3520=DIRECTION('',(7.49400541621981E-16,-1.,0.));
#3521=DIRECTION('',(-0.866025403784444,0.49999999999999,0.));
#3522=DIRECTION('',(7.49400541621981E-16,-1.,0.));
#3523=DIRECTION('',(0.866025403784442,0.5,0.));
#3524=DIRECTION('',(7.49400541621981E-16,-1.,0.));
#3525=DIRECTION('',(-0.866025403784444,0.49999999999999,0.));
#3526=DIRECTION('',(7.49400541621981E-16,-1.,0.));
#3527=DIRECTION('',(0.866025403784444,0.49999999999999,0.));
#3528=DIRECTION('',(7.49400541621981E-16,-1.,0.));
#3529=DIRECTION('',(-0.866025403784442,0.5,0.));
#3530=DIRECTION('',(7.49400541621981E-16,-1.,0.));
#3531=DIRECTION('',(0.866025403784444,0.49999999999999,0.));
#3532=DIRECTION('',(7.49400541621981E-16,-1.,0.));
#3533=DIRECTION('',(-0.866025403784442,0.5,0.));
#3534=DIRECTION('',(7.49400541621981E-16,-1.,0.));
#3535=DIRECTION('',(1.,7.49400541621981E-16,0.));
#3536=DIRECTION('',(0.,0.,1.));
#3537=DIRECTION('',(1.,0.,0.));
#3538=DIRECTION('',(0.,0.,1.));
#3539=DIRECTION('',(1.,0.,0.));
#3540=DIRECTION('',(0.,0.,1.));
#3541=DIRECTION('',(1.,0.,0.));
#3542=DIRECTION('',(0.,0.,1.));
#3543=DIRECTION('',(1.,0.,0.));
#3544=DIRECTION('',(0.,0.,1.));
#3545=DIRECTION('',(1.,0.,0.));
#3546=DIRECTION('',(0.,0.,1.));
#3547=DIRECTION('',(1.,0.,0.));
#3548=DIRECTION('',(0.,0.,1.));
#3549=DIRECTION('',(1.,0.,0.));
#3550=DIRECTION('',(0.,0.,1.));
#3551=DIRECTION('',(1.,0.,0.));
#3552=DIRECTION('',(0.,0.,1.));
#3553=DIRECTION('',(7.49400541621981E-16,-1.,0.));
#3554=DIRECTION('',(0.,0.,1.));
#3555=DIRECTION('',(1.,0.,0.));
#3556=DIRECTION('',(0.,0.,1.));
#3557=DIRECTION('',(7.49400541621981E-16,-1.,0.));
#3558=DIRECTION('',(0.,0.,1.));
#3559=DIRECTION('',(7.49400541621981E-16,-1.,0.));
#3560=DIRECTION('',(0.,0.,1.));
#3561=DIRECTION('',(1.,0.,0.));
#3562=DIRECTION('',(0.,0.,1.));
#3563=DIRECTION('',(7.49400541621981E-16,-1.,0.));
#3564=DIRECTION('',(0.,0.,1.));
#3565=DIRECTION('',(7.49400541621981E-16,-1.,0.));
#3566=DIRECTION('',(0.,0.,1.));
#3567=DIRECTION('',(1.,0.,0.));
#3568=DIRECTION('',(0.,0.,1.));
#3569=DIRECTION('',(7.49400541621981E-16,-1.,0.));
#3570=DIRECTION('',(0.,0.,1.));
#3571=DIRECTION('',(7.49400541621981E-16,-1.,0.));
#3572=DIRECTION('',(0.,0.,1.));
#3573=DIRECTION('',(1.,0.,0.));
#3574=DIRECTION('',(0.,0.,1.));
#3575=DIRECTION('',(7.49400541621981E-16,-1.,0.));
#3576=DIRECTION('',(0.,0.,1.));
#3577=DIRECTION('',(7.49400541621981E-16,-1.,0.));
#3578=DIRECTION('',(0.,0.,1.));
#3579=DIRECTION('',(1.,0.,0.));
#3580=DIRECTION('',(0.,0.,1.));
#3581=DIRECTION('',(7.49400541621981E-16,-1.,0.));
#3582=DIRECTION('',(0.,0.,1.));
#3583=DIRECTION('',(7.49400541621981E-16,-1.,0.));
#3584=DIRECTION('',(0.,0.,1.));
#3585=DIRECTION('',(1.,0.,0.));
#3586=DIRECTION('',(0.,0.,1.));
#3587=DIRECTION('',(7.49400541621981E-16,-1.,0.));
#3588=DIRECTION('',(0.,0.,1.));
#3589=DIRECTION('',(7.49400541621981E-16,-1.,0.));
#3590=DIRECTION('',(0.,0.,1.));
#3591=DIRECTION('',(1.,0.,0.));
#3592=DIRECTION('',(0.,0.,1.));
#3593=DIRECTION('',(7.49400541621981E-16,-1.,0.));
#3594=DIRECTION('',(0.,0.,1.));
#3595=DIRECTION('',(7.49400541621981E-16,-1.,0.));
#3596=DIRECTION('',(-1.,0.,5.94727166826783E-31));
#3597=DIRECTION('',(0.,1.,-3.33066907387547E-16));
#3598=DIRECTION('',(-0.866025403784439,0.5,-1.66533453693773E-16));
#3599=DIRECTION('',(0.,1.,-3.33066907387547E-16));
#3600=DIRECTION('',(0.866025403784439,0.5,-1.66533453693774E-16));
#3601=DIRECTION('',(0.,1.,-3.33066907387547E-16));
#3602=DIRECTION('',(-0.866025403784439,0.5,-1.66533453693773E-16));
#3603=DIRECTION('',(0.,1.,-3.33066907387547E-16));
#3604=DIRECTION('',(0.866025403784439,0.5,-1.66533453693774E-16));
#3605=DIRECTION('',(0.,1.,-3.33066907387547E-16));
#3606=DIRECTION('',(-0.866025403784439,0.5,-1.66533453693773E-16));
#3607=DIRECTION('',(0.,1.,-3.33066907387547E-16));
#3608=DIRECTION('',(0.866025403784439,0.5,-1.66533453693774E-16));
#3609=DIRECTION('',(0.,1.,-3.33066907387547E-16));
#3610=DIRECTION('',(-0.866025403784439,0.5,-1.66533453693773E-16));
#3611=DIRECTION('',(0.,1.,-3.33066907387547E-16));
#3612=DIRECTION('',(0.866025403784439,0.5,-1.66533453693774E-16));
#3613=DIRECTION('',(0.,1.,-3.33066907387547E-16));
#3614=DIRECTION('',(-0.866025403784439,0.5,-1.66533453693773E-16));
#3615=DIRECTION('',(0.,1.,-3.33066907387547E-16));
#3616=DIRECTION('',(0.866025403784439,0.5,-1.66533453693774E-16));
#3617=DIRECTION('',(0.,1.,-3.33066907387547E-16));
#3618=DIRECTION('',(-0.866025403784439,0.5,-1.66533453693773E-16));
#3619=DIRECTION('',(0.,1.,-3.33066907387547E-16));
#3620=DIRECTION('',(0.866025403784439,0.5,-1.66533453693774E-16));
#3621=DIRECTION('',(0.,1.,-3.33066907387547E-16));
#3622=DIRECTION('',(-0.866025403784439,0.5,-1.66533453693773E-16));
#3623=DIRECTION('',(0.,1.,-3.33066907387547E-16));
#3624=DIRECTION('',(0.866025403784439,0.5,-1.66533453693774E-16));
#3625=DIRECTION('',(0.,1.,-3.33066907387547E-16));
#3626=DIRECTION('',(-0.866025403784439,0.5,-1.66533453693773E-16));
#3627=DIRECTION('',(0.,1.,-3.33066907387547E-16));
#3628=DIRECTION('',(0.866025403784439,0.5,-1.66533453693774E-16));
#3629=DIRECTION('',(0.,1.,-3.33066907387547E-16));
#3630=DIRECTION('',(1.,0.,-5.94727166826783E-31));
#3631=DIRECTION('',(0.,-1.,3.33066907387547E-16));
#3632=DIRECTION('',(0.866025403784439,-0.5,1.66533453693773E-16));
#3633=DIRECTION('',(0.,-1.,3.33066907387547E-16));
#3634=DIRECTION('',(-0.866025403784439,-0.5,1.66533453693774E-16));
#3635=DIRECTION('',(0.,-1.,3.33066907387547E-16));
#3636=DIRECTION('',(0.866025403784439,-0.5,1.66533453693773E-16));
#3637=DIRECTION('',(0.,-1.,3.33066907387547E-16));
#3638=DIRECTION('',(-0.866025403784439,-0.5,1.66533453693774E-16));
#3639=DIRECTION('',(0.,-1.,3.33066907387547E-16));
#3640=DIRECTION('',(0.866025403784439,-0.5,1.66533453693773E-16));
#3641=DIRECTION('',(0.,-1.,3.33066907387547E-16));
#3642=DIRECTION('',(-0.866025403784439,-0.5,1.66533453693774E-16));
#3643=DIRECTION('',(0.,-1.,3.33066907387547E-16));
#3644=DIRECTION('',(0.866025403784439,-0.5,1.66533453693773E-16));
#3645=DIRECTION('',(0.,-1.,3.33066907387547E-16));
#3646=DIRECTION('',(-0.866025403784439,-0.5,1.66533453693774E-16));
#3647=DIRECTION('',(0.,-1.,3.33066907387547E-16));
#3648=DIRECTION('',(0.866025403784439,-0.5,1.66533453693773E-16));
#3649=DIRECTION('',(0.,-1.,3.33066907387547E-16));
#3650=DIRECTION('',(-0.866025403784439,-0.5,1.66533453693774E-16));
#3651=DIRECTION('',(0.,-1.,3.33066907387547E-16));
#3652=DIRECTION('',(0.866025403784439,-0.5,1.66533453693773E-16));
#3653=DIRECTION('',(0.,-1.,3.33066907387547E-16));
#3654=DIRECTION('',(-0.866025403784439,-0.5,1.66533453693774E-16));
#3655=DIRECTION('',(0.,-1.,3.33066907387547E-16));
#3656=DIRECTION('',(0.866025403784439,-0.5,1.66533453693773E-16));
#3657=DIRECTION('',(0.,-1.,3.33066907387547E-16));
#3658=DIRECTION('',(-0.866025403784439,-0.5,1.66533453693774E-16));
#3659=DIRECTION('',(0.,-1.,3.33066907387547E-16));
#3660=DIRECTION('',(0.866025403784439,-0.5,1.66533453693773E-16));
#3661=DIRECTION('',(0.,-1.,3.33066907387547E-16));
#3662=DIRECTION('',(-0.866025403784439,-0.5,1.66533453693774E-16));
#3663=DIRECTION('',(0.,-1.,3.33066907387547E-16));
#3664=DIRECTION('',(0.,0.,1.));
#3665=DIRECTION('',(1.,0.,0.));
#3666=DIRECTION('',(-1.,0.,0.));
#3667=DIRECTION('',(0.,-1.,3.33066907387547E-16));
#3668=DIRECTION('',(0.,3.33066907387547E-16,1.));
#3669=DIRECTION('',(5.94727166826783E-31,0.,1.));
#3670=DIRECTION('',(-0.5,0.866025403784439,-2.88444402957534E-16));
#3671=DIRECTION('',(-0.866025403784439,-0.5,1.66533453693774E-16));
#3672=DIRECTION('',(6.90253292068385E-31,3.33066907387547E-16,1.));
#3673=DIRECTION('',(-1.,0.,0.));
#3674=DIRECTION('',(0.,-1.,3.33066907387547E-16));
#3675=DIRECTION('',(0.,3.33066907387547E-16,1.));
#3676=DIRECTION('',(-0.5,-0.866025403784439,2.88444402957535E-16));
#3677=DIRECTION('',(0.866025403784439,-0.5,1.66533453693773E-16));
#3678=DIRECTION('',(6.65601388780229E-31,3.33066907387547E-16,1.));
#3679=DIRECTION('',(-1.,0.,0.));
#3680=DIRECTION('',(0.,-1.,3.33066907387547E-16));
#3681=DIRECTION('',(0.,3.33066907387547E-16,1.));
#3682=DIRECTION('',(-0.5,0.866025403784439,-2.88444402957534E-16));
#3683=DIRECTION('',(-0.866025403784439,-0.5,1.66533453693774E-16));
#3684=DIRECTION('',(6.90253292068385E-31,3.33066907387547E-16,1.));
#3685=DIRECTION('',(-1.,0.,0.));
#3686=DIRECTION('',(0.,-1.,3.33066907387547E-16));
#3687=DIRECTION('',(0.,3.33066907387547E-16,1.));
#3688=DIRECTION('',(-0.5,-0.866025403784439,2.88444402957535E-16));
#3689=DIRECTION('',(0.866025403784439,-0.5,1.66533453693773E-16));
#3690=DIRECTION('',(6.65601388780229E-31,3.33066907387547E-16,1.));
#3691=DIRECTION('',(-1.,0.,0.));
#3692=DIRECTION('',(0.,-1.,3.33066907387547E-16));
#3693=DIRECTION('',(0.,3.33066907387547E-16,1.));
#3694=DIRECTION('',(-0.5,0.866025403784439,-2.88444402957534E-16));
#3695=DIRECTION('',(-0.866025403784439,-0.5,1.66533453693774E-16));
#3696=DIRECTION('',(6.90253292068385E-31,3.33066907387547E-16,1.));
#3697=DIRECTION('',(-1.,0.,0.));
#3698=DIRECTION('',(0.,-1.,3.33066907387547E-16));
#3699=DIRECTION('',(0.,3.33066907387547E-16,1.));
#3700=DIRECTION('',(-0.5,-0.866025403784439,2.88444402957535E-16));
#3701=DIRECTION('',(0.866025403784439,-0.5,1.66533453693773E-16));
#3702=DIRECTION('',(6.65601388780229E-31,3.33066907387547E-16,1.));
#3703=DIRECTION('',(-1.,0.,0.));
#3704=DIRECTION('',(0.,-1.,3.33066907387547E-16));
#3705=DIRECTION('',(0.,3.33066907387547E-16,1.));
#3706=DIRECTION('',(-0.5,0.866025403784439,-2.88444402957534E-16));
#3707=DIRECTION('',(-0.866025403784439,-0.5,1.66533453693774E-16));
#3708=DIRECTION('',(6.90253292068385E-31,3.33066907387547E-16,1.));
#3709=DIRECTION('',(-1.,0.,0.));
#3710=DIRECTION('',(0.,-1.,3.33066907387547E-16));
#3711=DIRECTION('',(0.,3.33066907387547E-16,1.));
#3712=DIRECTION('',(-0.5,-0.866025403784439,2.88444402957535E-16));
#3713=DIRECTION('',(0.866025403784439,-0.5,1.66533453693773E-16));
#3714=DIRECTION('',(6.65601388780229E-31,3.33066907387547E-16,1.));
#3715=DIRECTION('',(-1.,0.,0.));
#3716=DIRECTION('',(0.,-1.,3.33066907387547E-16));
#3717=DIRECTION('',(0.,3.33066907387547E-16,1.));
#3718=DIRECTION('',(-0.5,0.866025403784439,-2.88444402957534E-16));
#3719=DIRECTION('',(-0.866025403784439,-0.5,1.66533453693774E-16));
#3720=DIRECTION('',(6.90253292068385E-31,3.33066907387547E-16,1.));
#3721=DIRECTION('',(-1.,0.,0.));
#3722=DIRECTION('',(0.,-1.,3.33066907387547E-16));
#3723=DIRECTION('',(0.,3.33066907387547E-16,1.));
#3724=DIRECTION('',(-0.5,-0.866025403784439,2.88444402957535E-16));
#3725=DIRECTION('',(0.866025403784439,-0.5,1.66533453693773E-16));
#3726=DIRECTION('',(6.65601388780229E-31,3.33066907387547E-16,1.));
#3727=DIRECTION('',(-1.,0.,0.));
#3728=DIRECTION('',(0.,-1.,3.33066907387547E-16));
#3729=DIRECTION('',(0.,3.33066907387547E-16,1.));
#3730=DIRECTION('',(-0.5,0.866025403784439,-2.88444402957534E-16));
#3731=DIRECTION('',(-0.866025403784439,-0.5,1.66533453693774E-16));
#3732=DIRECTION('',(6.90253292068385E-31,3.33066907387547E-16,1.));
#3733=DIRECTION('',(-1.,0.,0.));
#3734=DIRECTION('',(0.,-1.,3.33066907387547E-16));
#3735=DIRECTION('',(0.,3.33066907387547E-16,1.));
#3736=DIRECTION('',(-0.5,-0.866025403784439,2.88444402957535E-16));
#3737=DIRECTION('',(0.866025403784439,-0.5,1.66533453693773E-16));
#3738=DIRECTION('',(6.65601388780229E-31,3.33066907387547E-16,1.));
#3739=DIRECTION('',(-1.,0.,0.));
#3740=DIRECTION('',(0.,-1.,3.33066907387547E-16));
#3741=DIRECTION('',(0.,3.33066907387547E-16,1.));
#3742=DIRECTION('',(-0.5,0.866025403784439,-2.88444402957534E-16));
#3743=DIRECTION('',(-0.866025403784439,-0.5,1.66533453693774E-16));
#3744=DIRECTION('',(6.90253292068385E-31,3.33066907387547E-16,1.));
#3745=DIRECTION('',(-1.,0.,0.));
#3746=DIRECTION('',(0.,-1.,3.33066907387547E-16));
#3747=DIRECTION('',(0.,3.33066907387547E-16,1.));
#3748=DIRECTION('',(-0.5,-0.866025403784439,2.88444402957535E-16));
#3749=DIRECTION('',(0.866025403784439,-0.5,1.66533453693773E-16));
#3750=DIRECTION('',(6.65601388780229E-31,3.33066907387547E-16,1.));
#3751=DIRECTION('',(-1.,0.,0.));
#3752=DIRECTION('',(0.,-1.,3.33066907387547E-16));
#3753=DIRECTION('',(0.,3.33066907387547E-16,1.));
#3754=DIRECTION('',(-0.5,0.866025403784439,-2.88444402957534E-16));
#3755=DIRECTION('',(-0.866025403784439,-0.5,1.66533453693774E-16));
#3756=DIRECTION('',(6.90253292068385E-31,3.33066907387547E-16,1.));
#3757=DIRECTION('',(-1.,0.,0.));
#3758=DIRECTION('',(0.,-1.,3.33066907387547E-16));
#3759=DIRECTION('',(0.,3.33066907387547E-16,1.));
#3760=DIRECTION('',(-0.5,-0.866025403784439,2.88444402957535E-16));
#3761=DIRECTION('',(0.866025403784439,-0.5,1.66533453693773E-16));
#3762=DIRECTION('',(6.65601388780229E-31,3.33066907387547E-16,1.));
#3763=DIRECTION('',(-1.,0.,0.));
#3764=DIRECTION('',(0.,-1.,3.33066907387547E-16));
#3765=DIRECTION('',(0.,3.33066907387547E-16,1.));
#3766=DIRECTION('',(0.,-1.,0.));
#3767=DIRECTION('',(1.,0.,-5.94727166826783E-31));
#3768=DIRECTION('',(5.94727166826783E-31,0.,1.));
#3769=DIRECTION('',(1.,0.,0.));
#3770=DIRECTION('',(0.,1.,-3.33066907387547E-16));
#3771=DIRECTION('',(0.,3.33066907387547E-16,1.));
#3772=DIRECTION('',(0.5,-0.866025403784439,2.88444402957534E-16));
#3773=DIRECTION('',(0.866025403784439,0.5,-1.66533453693774E-16));
#3774=DIRECTION('',(6.90253292068385E-31,3.33066907387547E-16,1.));
#3775=DIRECTION('',(1.,0.,0.));
#3776=DIRECTION('',(0.,1.,-3.33066907387547E-16));
#3777=DIRECTION('',(0.,3.33066907387547E-16,1.));
#3778=DIRECTION('',(0.5,0.866025403784439,-2.88444402957535E-16));
#3779=DIRECTION('',(-0.866025403784439,0.5,-1.66533453693773E-16));
#3780=DIRECTION('',(6.65601388780229E-31,3.33066907387547E-16,1.));
#3781=DIRECTION('',(1.,0.,0.));
#3782=DIRECTION('',(0.,1.,-3.33066907387547E-16));
#3783=DIRECTION('',(0.,3.33066907387547E-16,1.));
#3784=DIRECTION('',(0.5,-0.866025403784439,2.88444402957534E-16));
#3785=DIRECTION('',(0.866025403784439,0.5,-1.66533453693774E-16));
#3786=DIRECTION('',(6.90253292068385E-31,3.33066907387547E-16,1.));
#3787=DIRECTION('',(1.,0.,0.));
#3788=DIRECTION('',(0.,1.,-3.33066907387547E-16));
#3789=DIRECTION('',(0.,3.33066907387547E-16,1.));
#3790=DIRECTION('',(0.5,0.866025403784439,-2.88444402957535E-16));
#3791=DIRECTION('',(-0.866025403784439,0.5,-1.66533453693773E-16));
#3792=DIRECTION('',(6.65601388780229E-31,3.33066907387547E-16,1.));
#3793=DIRECTION('',(1.,0.,0.));
#3794=DIRECTION('',(0.,1.,-3.33066907387547E-16));
#3795=DIRECTION('',(0.,3.33066907387547E-16,1.));
#3796=DIRECTION('',(0.5,-0.866025403784439,2.88444402957534E-16));
#3797=DIRECTION('',(0.866025403784439,0.5,-1.66533453693774E-16));
#3798=DIRECTION('',(6.90253292068385E-31,3.33066907387547E-16,1.));
#3799=DIRECTION('',(1.,0.,0.));
#3800=DIRECTION('',(0.,1.,-3.33066907387547E-16));
#3801=DIRECTION('',(0.,3.33066907387547E-16,1.));
#3802=DIRECTION('',(0.5,0.866025403784439,-2.88444402957535E-16));
#3803=DIRECTION('',(-0.866025403784439,0.5,-1.66533453693773E-16));
#3804=DIRECTION('',(6.65601388780229E-31,3.33066907387547E-16,1.));
#3805=DIRECTION('',(1.,0.,0.));
#3806=DIRECTION('',(0.,1.,-3.33066907387547E-16));
#3807=DIRECTION('',(0.,3.33066907387547E-16,1.));
#3808=DIRECTION('',(0.5,-0.866025403784439,2.88444402957534E-16));
#3809=DIRECTION('',(0.866025403784439,0.5,-1.66533453693774E-16));
#3810=DIRECTION('',(6.90253292068385E-31,3.33066907387547E-16,1.));
#3811=DIRECTION('',(1.,0.,0.));
#3812=DIRECTION('',(0.,1.,-3.33066907387547E-16));
#3813=DIRECTION('',(0.,3.33066907387547E-16,1.));
#3814=DIRECTION('',(0.5,0.866025403784439,-2.88444402957535E-16));
#3815=DIRECTION('',(-0.866025403784439,0.5,-1.66533453693773E-16));
#3816=DIRECTION('',(6.65601388780229E-31,3.33066907387547E-16,1.));
#3817=DIRECTION('',(1.,0.,0.));
#3818=DIRECTION('',(0.,1.,-3.33066907387547E-16));
#3819=DIRECTION('',(0.,3.33066907387547E-16,1.));
#3820=DIRECTION('',(0.5,-0.866025403784439,2.88444402957534E-16));
#3821=DIRECTION('',(0.866025403784439,0.5,-1.66533453693774E-16));
#3822=DIRECTION('',(6.90253292068385E-31,3.33066907387547E-16,1.));
#3823=DIRECTION('',(1.,0.,0.));
#3824=DIRECTION('',(0.,1.,-3.33066907387547E-16));
#3825=DIRECTION('',(0.,3.33066907387547E-16,1.));
#3826=DIRECTION('',(0.5,0.866025403784439,-2.88444402957535E-16));
#3827=DIRECTION('',(-0.866025403784439,0.5,-1.66533453693773E-16));
#3828=DIRECTION('',(6.65601388780229E-31,3.33066907387547E-16,1.));
#3829=DIRECTION('',(1.,0.,0.));
#3830=DIRECTION('',(0.,1.,-3.33066907387547E-16));
#3831=DIRECTION('',(0.,3.33066907387547E-16,1.));
#3832=DIRECTION('',(0.5,-0.866025403784439,2.88444402957534E-16));
#3833=DIRECTION('',(0.866025403784439,0.5,-1.66533453693774E-16));
#3834=DIRECTION('',(6.90253292068385E-31,3.33066907387547E-16,1.));
#3835=DIRECTION('',(1.,0.,0.));
#3836=DIRECTION('',(0.,1.,-3.33066907387547E-16));
#3837=DIRECTION('',(0.,3.33066907387547E-16,1.));
#3838=DIRECTION('',(0.5,0.866025403784439,-2.88444402957535E-16));
#3839=DIRECTION('',(-0.866025403784439,0.5,-1.66533453693773E-16));
#3840=DIRECTION('',(6.65601388780229E-31,3.33066907387547E-16,1.));
#3841=DIRECTION('',(1.,0.,0.));
#3842=DIRECTION('',(0.,1.,-3.33066907387547E-16));
#3843=DIRECTION('',(0.,3.33066907387547E-16,1.));
#3844=DIRECTION('',(0.5,-0.866025403784439,2.88444402957534E-16));
#3845=DIRECTION('',(0.866025403784439,0.5,-1.66533453693774E-16));
#3846=DIRECTION('',(6.90253292068385E-31,3.33066907387547E-16,1.));
#3847=DIRECTION('',(1.,0.,0.));
#3848=DIRECTION('',(0.,1.,-3.33066907387547E-16));
#3849=DIRECTION('',(0.,3.33066907387547E-16,1.));
#3850=DIRECTION('',(0.5,0.866025403784439,-2.88444402957535E-16));
#3851=DIRECTION('',(-0.866025403784439,0.5,-1.66533453693773E-16));
#3852=DIRECTION('',(6.65601388780229E-31,3.33066907387547E-16,1.));
#3853=DIRECTION('',(1.,0.,0.));
#3854=DIRECTION('',(0.,1.,-3.33066907387547E-16));
#3855=DIRECTION('',(0.,3.33066907387547E-16,1.));
#3856=DIRECTION('',(0.5,-0.866025403784439,2.88444402957534E-16));
#3857=DIRECTION('',(0.866025403784439,0.5,-1.66533453693774E-16));
#3858=DIRECTION('',(6.90253292068385E-31,3.33066907387547E-16,1.));
#3859=DIRECTION('',(1.,0.,0.));
#3860=DIRECTION('',(0.,1.,-3.33066907387547E-16));
#3861=DIRECTION('',(0.,3.33066907387547E-16,1.));
#3862=DIRECTION('',(0.5,0.866025403784439,-2.88444402957535E-16));
#3863=DIRECTION('',(-0.866025403784439,0.5,-1.66533453693773E-16));
#3864=DIRECTION('',(6.65601388780229E-31,3.33066907387547E-16,1.));
#3865=DIRECTION('',(1.,0.,0.));
#3866=DIRECTION('',(0.,1.,-3.33066907387547E-16));
#3867=DIRECTION('',(0.,3.33066907387547E-16,1.));
#3868=DIRECTION('',(0.,1.,0.));
#3869=DIRECTION('',(-1.,0.,5.94727166826783E-31));
#3870=DIRECTION('',(0.,0.,1.));
#3871=DIRECTION('',(7.49400541621981E-16,-1.,0.));
#3872=DIRECTION('',(0.,0.,1.));
#3873=DIRECTION('',(1.,0.,0.));
#3874=DIRECTION('',(0.,0.,1.));
#3875=DIRECTION('',(7.49400541621981E-16,-1.,0.));
#3876=DIRECTION('',(0.,0.,1.));
#3877=DIRECTION('',(1.,0.,0.));
#3878=DIRECTION('',(0.,0.,1.));
#3879=DIRECTION('',(7.49400541621981E-16,-1.,0.));
#3880=DIRECTION('',(0.,0.,1.));
#3881=DIRECTION('',(1.,0.,0.));
#3882=DIRECTION('',(-6.12323399573675E-17,3.33066907387547E-16,1.));
#3883=DIRECTION('',(-8.71865221536717E-16,1.,-3.33066907387547E-16));
#3884=DIRECTION('',(-6.12323399573675E-17,3.33066907387547E-16,1.));
#3885=DIRECTION('',(0.,-1.,3.33066907387547E-16));
#3886=DIRECTION('',(0.,0.,1.));
#3887=DIRECTION('',(-8.71865221536716E-16,1.,0.));
#3888=DIRECTION('',(0.,0.,1.));
#3889=DIRECTION('',(1.,0.,0.));
#3890=DIRECTION('',(0.,0.,1.));
#3891=DIRECTION('',(-8.71865221536716E-16,1.,0.));
#3892=DIRECTION('',(0.,0.,1.));
#3893=DIRECTION('',(1.,0.,0.));
#3894=DIRECTION('',(0.,0.,1.));
#3895=DIRECTION('',(-8.71865221536716E-16,1.,0.));
#3896=DIRECTION('',(0.,0.,1.));
#3897=DIRECTION('',(1.,0.,0.));
#3898=DIRECTION('',(0.,0.,-1.));
#3899=DIRECTION('',(-8.71865221536716E-16,1.,0.));
#3900=DIRECTION('',(0.,0.,1.));
#3901=DIRECTION('',(1.,0.,0.));
#3902=DIRECTION('',(0.,0.,1.));
#3903=DIRECTION('',(-8.71865221536716E-16,1.,0.));
#3904=DIRECTION('',(0.,0.,1.));
#3905=DIRECTION('',(1.,0.,0.));
#3906=DIRECTION('',(0.,0.,1.));
#3907=DIRECTION('',(-8.71865221536716E-16,1.,0.));
#3908=DIRECTION('',(0.,0.,1.));
#3909=DIRECTION('',(1.,0.,0.));
#3910=DIRECTION('',(0.,0.,1.));
#3911=DIRECTION('',(-8.71865221536716E-16,1.,0.));
#3912=DIRECTION('',(0.,0.,1.));
#3913=DIRECTION('',(1.,0.,0.));
#3914=DIRECTION('',(-6.12323399573674E-17,3.33066907387547E-16,1.));
#3915=DIRECTION('',(-8.71865221536716E-16,1.,-3.33066907387547E-16));
#3916=DIRECTION('',(0.,0.,1.));
#3917=DIRECTION('',(1.,0.,0.));
#3918=DIRECTION('',(-6.12323399573675E-17,3.33066907387547E-16,1.));
#3919=DIRECTION('',(-8.71865221536717E-16,1.,-3.33066907387547E-16));
#3920=DIRECTION('',(-6.12323399573675E-17,3.33066907387547E-16,1.));
#3921=DIRECTION('',(0.,-1.,3.33066907387547E-16));
#3922=DIRECTION('',(0.,0.,1.));
#3923=DIRECTION('',(-8.71865221536716E-16,1.,0.));
#3924=DIRECTION('',(0.,0.,1.));
#3925=DIRECTION('',(1.,0.,0.));
#3926=DIRECTION('',(0.,0.,1.));
#3927=DIRECTION('',(-8.71865221536716E-16,1.,0.));
#3928=DIRECTION('',(0.,0.,1.));
#3929=DIRECTION('',(1.,0.,0.));
#3930=DIRECTION('',(0.,0.,1.));
#3931=DIRECTION('',(-8.71865221536716E-16,1.,0.));
#3932=DIRECTION('',(0.,0.,1.));
#3933=DIRECTION('',(1.,0.,0.));
#3934=DIRECTION('',(0.,0.,-1.));
#3935=DIRECTION('',(-8.71865221536716E-16,1.,0.));
#3936=DIRECTION('',(0.,0.,1.));
#3937=DIRECTION('',(1.,0.,0.));
#3938=DIRECTION('',(0.,0.,1.));
#3939=DIRECTION('',(-8.71865221536716E-16,1.,0.));
#3940=DIRECTION('',(0.,0.,1.));
#3941=DIRECTION('',(1.,0.,0.));
#3942=DIRECTION('',(0.,0.,1.));
#3943=DIRECTION('',(-8.71865221536716E-16,1.,0.));
#3944=DIRECTION('',(0.,0.,1.));
#3945=DIRECTION('',(1.,0.,0.));
#3946=DIRECTION('',(0.,0.,1.));
#3947=DIRECTION('',(-8.71865221536716E-16,1.,0.));
#3948=DIRECTION('',(0.,0.,1.));
#3949=DIRECTION('',(1.,0.,0.));
#3950=DIRECTION('',(-6.12323399573674E-17,3.33066907387547E-16,1.));
#3951=DIRECTION('',(-8.71865221536716E-16,1.,-3.33066907387547E-16));
#3952=CARTESIAN_POINT('',(0.,0.,0.));
#3953=CARTESIAN_POINT('',(0.0656609874933958,0.0154225359138846,-0.00361443740308285));
#3954=CARTESIAN_POINT('',(0.0656609874933958,0.0154225359138846,-0.00361443740308285));
#3955=CARTESIAN_POINT('',(0.0656609874933958,0.0151225359138846,-0.00361443740308285));
#3956=CARTESIAN_POINT('',(0.0656609874933958,0.0154225359138846,-0.00631443740308285));
#3957=CARTESIAN_POINT('',(0.0656609874933958,0.0154225359138846,-0.00631443740308285));
#3958=CARTESIAN_POINT('',(0.0659609874933958,0.0154225359138846,-0.00631443740308285));
#3959=CARTESIAN_POINT('',(0.0656609874933958,0.0154225359138846,-0.00631443740308285));
#3960=CARTESIAN_POINT('',(0.0656609874933958,0.0154225359138846,-0.00631443740308285));
#3961=CARTESIAN_POINT('',(0.0665609874933958,0.0154225359138846,-0.00631443740308285));
#3962=CARTESIAN_POINT('',(0.0656609874933958,0.0154225359138846,-0.00731443740308285));
#3963=CARTESIAN_POINT('',(0.0656609874933958,0.0154225359138846,-0.00731443740308285));
#3964=CARTESIAN_POINT('',(0.0665609874933958,0.0154225359138846,-0.00731443740308285));
#3965=CARTESIAN_POINT('',(0.0656609874933958,0.0154225359138846,-0.00731443740308285));
#3966=CARTESIAN_POINT('',(0.0656609874933958,0.0154225359138846,-0.00731443740308285));
#3967=CARTESIAN_POINT('',(0.0663209874933958,0.0154225359138846,-0.00731443740308285));
#3968=CARTESIAN_POINT('',(0.0656609874933958,0.0154225359138846,-0.0108844374030828));
#3969=CARTESIAN_POINT('',(0.0656609874933958,0.0154225359138846,-0.0108844374030828));
#3970=CARTESIAN_POINT('',(0.0663209874933958,0.0154225359138846,-0.0108844374030828));
#3971=CARTESIAN_POINT('',(0.0656609874933958,0.0154225359138846,-0.0110994374030828));
#3972=CARTESIAN_POINT('',(0.0656609874933958,0.0154225359138846,-0.0113144374030828));
#3973=CARTESIAN_POINT('',(0.0658909874933958,0.0154225359138846,-0.0113144374030828));
#3974=CARTESIAN_POINT('',(0.0656609874933958,0.0154225359138846,-0.0147744374030828));
#3975=CARTESIAN_POINT('',(0.0656609874933958,0.0154225359138846,-0.0147744374030828));
#3976=CARTESIAN_POINT('',(0.0658909874933958,0.0154225359138846,-0.0147744374030828));
#3977=CARTESIAN_POINT('',(0.0656609874933958,0.0154225359138846,-0.0147744374030828));
#3978=CARTESIAN_POINT('',(0.,0.,0.));
#3979=CARTESIAN_POINT('',(0.0656609874933958,0.0230425359138847,-0.00361443740308285));
#3980=CARTESIAN_POINT('',(0.0656609874933958,0.0230425359138847,-0.00361443740308285));
#3981=CARTESIAN_POINT('',(0.0656609874933958,0.0227425359138846,-0.00361443740308285));
#3982=CARTESIAN_POINT('',(0.0656609874933958,0.0230425359138847,-0.00631443740308285));
#3983=CARTESIAN_POINT('',(0.0656609874933958,0.0230425359138847,-0.00631443740308285));
#3984=CARTESIAN_POINT('',(0.0659609874933958,0.0230425359138847,-0.00631443740308285));
#3985=CARTESIAN_POINT('',(0.0656609874933958,0.0230425359138847,-0.00631443740308285));
#3986=CARTESIAN_POINT('',(0.0656609874933958,0.0230425359138847,-0.00631443740308285));
#3987=CARTESIAN_POINT('',(0.0665609874933958,0.0230425359138847,-0.00631443740308285));
#3988=CARTESIAN_POINT('',(0.0656609874933958,0.0230425359138847,-0.00731443740308285));
#3989=CARTESIAN_POINT('',(0.0656609874933958,0.0230425359138847,-0.00731443740308285));
#3990=CARTESIAN_POINT('',(0.0665609874933958,0.0230425359138847,-0.00731443740308285));
#3991=CARTESIAN_POINT('',(0.0656609874933958,0.0230425359138847,-0.00731443740308285));
#3992=CARTESIAN_POINT('',(0.0656609874933958,0.0230425359138847,-0.00731443740308285));
#3993=CARTESIAN_POINT('',(0.0663209874933958,0.0230425359138847,-0.00731443740308285));
#3994=CARTESIAN_POINT('',(0.0656609874933958,0.0230425359138847,-0.0108844374030828));
#3995=CARTESIAN_POINT('',(0.0656609874933958,0.0230425359138847,-0.0108844374030828));
#3996=CARTESIAN_POINT('',(0.0663209874933958,0.0230425359138847,-0.0108844374030828));
#3997=CARTESIAN_POINT('',(0.0656609874933958,0.0230425359138847,-0.0110994374030828));
#3998=CARTESIAN_POINT('',(0.0656609874933958,0.0230425359138847,-0.0113144374030828));
#3999=CARTESIAN_POINT('',(0.0658909874933958,0.0230425359138847,-0.0113144374030828));
#4000=CARTESIAN_POINT('',(0.0656609874933958,0.0230425359138847,-0.0147744374030828));
#4001=CARTESIAN_POINT('',(0.0656609874933958,0.0230425359138847,-0.0147744374030828));
#4002=CARTESIAN_POINT('',(0.0658909874933958,0.0230425359138847,-0.0147744374030828));
#4003=CARTESIAN_POINT('',(0.0656609874933958,0.0230425359138847,-0.0147744374030828));
#4004=CARTESIAN_POINT('',(0.,0.,0.));
#4005=CARTESIAN_POINT('',(0.0656609874933958,0.00526253591388464,-0.00361443740308285));
#4006=CARTESIAN_POINT('',(0.0656609874933958,0.00526253591388464,-0.00361443740308285));
#4007=CARTESIAN_POINT('',(0.0656609874933958,0.00496253591388464,-0.00361443740308285));
#4008=CARTESIAN_POINT('',(0.0656609874933958,0.00526253591388464,-0.00631443740308284));
#4009=CARTESIAN_POINT('',(0.0656609874933958,0.00526253591388464,-0.00631443740308284));
#4010=CARTESIAN_POINT('',(0.0659609874933958,0.00526253591388464,-0.00631443740308284));
#4011=CARTESIAN_POINT('',(0.0656609874933958,0.00526253591388464,-0.00631443740308284));
#4012=CARTESIAN_POINT('',(0.0656609874933958,0.00526253591388464,-0.00631443740308284));
#4013=CARTESIAN_POINT('',(0.0665609874933958,0.00526253591388464,-0.00631443740308284));
#4014=CARTESIAN_POINT('',(0.0656609874933958,0.00526253591388464,-0.00731443740308285));
#4015=CARTESIAN_POINT('',(0.0656609874933958,0.00526253591388464,-0.00731443740308285));
#4016=CARTESIAN_POINT('',(0.0665609874933958,0.00526253591388464,-0.00731443740308285));
#4017=CARTESIAN_POINT('',(0.0656609874933958,0.00526253591388464,-0.00731443740308285));
#4018=CARTESIAN_POINT('',(0.0656609874933958,0.00526253591388464,-0.00731443740308285));
#4019=CARTESIAN_POINT('',(0.0663209874933958,0.00526253591388464,-0.00731443740308285));
#4020=CARTESIAN_POINT('',(0.0656609874933958,0.00526253591388464,-0.0108844374030828));
#4021=CARTESIAN_POINT('',(0.0656609874933958,0.00526253591388464,-0.0108844374030828));
#4022=CARTESIAN_POINT('',(0.0663209874933958,0.00526253591388464,-0.0108844374030828));
#4023=CARTESIAN_POINT('',(0.0656609874933958,0.00526253591388464,-0.0110994374030828));
#4024=CARTESIAN_POINT('',(0.0656609874933958,0.00526253591388464,-0.0113144374030828));
#4025=CARTESIAN_POINT('',(0.0658909874933958,0.00526253591388464,-0.0113144374030828));
#4026=CARTESIAN_POINT('',(0.0656609874933958,0.00526253591388464,-0.0147744374030828));
#4027=CARTESIAN_POINT('',(0.0656609874933958,0.00526253591388464,-0.0147744374030828));
#4028=CARTESIAN_POINT('',(0.0658909874933958,0.00526253591388464,-0.0147744374030828));
#4029=CARTESIAN_POINT('',(0.0656609874933958,0.00526253591388464,-0.0147744374030828));
#4030=CARTESIAN_POINT('',(0.,0.,0.));
#4031=CARTESIAN_POINT('',(0.0305859874933958,0.0143025359138847,-0.00325443740308285));
#4032=CARTESIAN_POINT('',(0.0323709874933958,0.0231925359138847,-0.00325443740308285));
#4033=CARTESIAN_POINT('',(0.0011209874933958,0.0231925359138847,-0.00325443740308285));
#4034=CARTESIAN_POINT('',(0.0636209874933958,0.0231925359138847,-0.00325443740308285));
#4035=CARTESIAN_POINT('',(0.0011209874933958,0.0143025359138847,-0.00325443740308285));
#4036=CARTESIAN_POINT('',(0.0011209874933958,0.0052925359138847,-0.00325443740308285));
#4037=CARTESIAN_POINT('',(0.0305859874933958,0.0052925359138847,-0.00325443740308285));
#4038=CARTESIAN_POINT('',(0.0636209874933958,0.0052925359138847,-0.00325443740308285));
#4039=CARTESIAN_POINT('',(0.0636209874933958,0.0142425359138847,-0.00325443740308285));
#4040=CARTESIAN_POINT('',(0.0636209874933958,0.0142425359138847,-0.00325443740308285));
#4041=CARTESIAN_POINT('',(0.0636209874933958,0.0052925359138847,-0.00325443740308285));
#4042=CARTESIAN_POINT('',(0.0636209874933958,0.0052925359138847,-0.00561443740308285));
#4043=CARTESIAN_POINT('',(0.0636209874933958,0.0142425359138847,-0.00561443740308285));
#4044=CARTESIAN_POINT('',(0.0636209874933958,0.0231925359138847,-0.00561443740308285));
#4045=CARTESIAN_POINT('',(0.0636209874933958,0.0231925359138847,-0.00325443740308285));
#4046=CARTESIAN_POINT('',(0.0323709874933958,0.0052925359138847,-0.00325443740308285));
#4047=CARTESIAN_POINT('',(0.0305859874933958,0.0052925359138847,-0.00561443740308285));
#4048=CARTESIAN_POINT('',(0.0011209874933958,0.0052925359138847,-0.00561443740308285));
#4049=CARTESIAN_POINT('',(0.0011209874933958,0.0052925359138847,-0.00325443740308285));
#4050=CARTESIAN_POINT('',(0.0011209874933958,0.0142425359138847,-0.00325443740308285));
#4051=CARTESIAN_POINT('',(0.0011209874933958,0.0143025359138847,-0.00561443740308285));
#4052=CARTESIAN_POINT('',(0.0011209874933958,0.0231925359138847,-0.00561443740308285));
#4053=CARTESIAN_POINT('',(0.0011209874933958,0.0231925359138847,-0.00325443740308285));
#4054=CARTESIAN_POINT('',(0.0323709874933958,0.0231925359138847,-0.00325443740308285));
#4055=CARTESIAN_POINT('',(0.0323709874933958,0.0231925359138847,-0.00561443740308285));
#4056=CARTESIAN_POINT('',(0.0305859874933958,0.0143025359138847,-0.00681443740308285));
#4057=CARTESIAN_POINT('',(0.0305859874933958,0.0248425359138847,-0.00681443740308285));
#4058=CARTESIAN_POINT('',(-0.0059890125066042,0.0248425359138847,-0.00681443740308285));
#4059=CARTESIAN_POINT('',(0.0671609874933958,0.0248425359138847,-0.00681443740308285));
#4060=CARTESIAN_POINT('',(0.0671609874933958,0.0143025359138847,-0.00681443740308285));
#4061=CARTESIAN_POINT('',(0.0671609874933958,0.0037625359138847,-0.00681443740308285));
#4062=CARTESIAN_POINT('',(0.0305859874933958,0.0037625359138847,-0.00681443740308285));
#4063=CARTESIAN_POINT('',(-0.0059890125066042,0.0037625359138847,-0.00681443740308285));
#4064=CARTESIAN_POINT('',(-0.0059890125066042,0.0143025359138847,-0.00681443740308285));
#4065=CARTESIAN_POINT('',(-0.0035790125066042,0.0224325359138847,-0.00681443740308285));
#4066=CARTESIAN_POINT('',(-0.0048290125066042,0.0224325359138847,-0.00681443740308285));
#4067=CARTESIAN_POINT('',(-0.0035790125066042,0.0061725359138847,-0.00681443740308285));
#4068=CARTESIAN_POINT('',(-0.0048290125066042,0.0061725359138847,-0.00681443740308285));
#4069=CARTESIAN_POINT('',(0.0305859874933958,0.0143025359138847,-0.00561443740308285));
#4070=CARTESIAN_POINT('',(0.0305859874933958,0.0248425359138847,-0.00561443740308285));
#4071=CARTESIAN_POINT('',(-0.0059890125066042,0.0248425359138847,-0.00561443740308285));
#4072=CARTESIAN_POINT('',(0.0671609874933958,0.0248425359138847,-0.00561443740308285));
#4073=CARTESIAN_POINT('',(-0.0059890125066042,0.0143025359138847,-0.00561443740308285));
#4074=CARTESIAN_POINT('',(-0.0059890125066042,0.0037625359138847,-0.00561443740308285));
#4075=CARTESIAN_POINT('',(0.0305859874933958,0.0037625359138847,-0.00561443740308285));
#4076=CARTESIAN_POINT('',(0.0671609874933958,0.0037625359138847,-0.00561443740308285));
#4077=CARTESIAN_POINT('',(0.0671609874933958,0.0143025359138847,-0.00561443740308285));
#4078=CARTESIAN_POINT('',(-0.0035790125066042,0.0224325359138847,-0.00561443740308285));
#4079=CARTESIAN_POINT('',(-0.0048290125066042,0.0224325359138847,-0.00561443740308285));
#4080=CARTESIAN_POINT('',(-0.0035790125066042,0.0061725359138847,-0.00561443740308285));
#4081=CARTESIAN_POINT('',(-0.0048290125066042,0.0061725359138847,-0.00561443740308285));
#4082=CARTESIAN_POINT('',(0.0671609874933958,0.0143025359138847,-0.00561443740308285));
#4083=CARTESIAN_POINT('',(0.0671609874933958,0.0248425359138847,-0.00561443740308285));
#4084=CARTESIAN_POINT('',(0.0671609874933958,0.0037625359138847,-0.00561443740308285));
#4085=CARTESIAN_POINT('',(-0.0035790125066042,0.0061725359138847,-0.00561443740308285));
#4086=CARTESIAN_POINT('',(-0.0035790125066042,0.0224325359138847,-0.00561443740308285));
#4087=CARTESIAN_POINT('',(0.0305859874933958,0.0037625359138847,-0.00561443740308285));
#4088=CARTESIAN_POINT('',(-0.0059890125066042,0.0037625359138847,-0.00561443740308285));
#4089=CARTESIAN_POINT('',(-0.0059890125066042,0.0143025359138847,-0.00561443740308285));
#4090=CARTESIAN_POINT('',(-0.0059890125066042,0.0248425359138847,-0.00561443740308285));
#4091=CARTESIAN_POINT('',(0.0305859874933958,0.0248425359138847,-0.00561443740308285));
#4092=CARTESIAN_POINT('',(0.,0.,0.));
#4093=CARTESIAN_POINT('',(0.0656609874933958,0.00780253591388464,-0.00361443740308285));
#4094=CARTESIAN_POINT('',(0.0656609874933958,0.00780253591388464,-0.00361443740308285));
#4095=CARTESIAN_POINT('',(0.0656609874933958,0.00750253591388464,-0.00361443740308285));
#4096=CARTESIAN_POINT('',(0.0656609874933958,0.00780253591388464,-0.00631443740308285));
#4097=CARTESIAN_POINT('',(0.0656609874933958,0.00780253591388464,-0.00631443740308285));
#4098=CARTESIAN_POINT('',(0.0659609874933958,0.00780253591388464,-0.00631443740308285));
#4099=CARTESIAN_POINT('',(0.0656609874933958,0.00780253591388464,-0.00631443740308285));
#4100=CARTESIAN_POINT('',(0.0656609874933958,0.00780253591388464,-0.00631443740308285));
#4101=CARTESIAN_POINT('',(0.0665609874933958,0.00780253591388464,-0.00631443740308285));
#4102=CARTESIAN_POINT('',(0.0656609874933958,0.00780253591388464,-0.00731443740308285));
#4103=CARTESIAN_POINT('',(0.0656609874933958,0.00780253591388464,-0.00731443740308285));
#4104=CARTESIAN_POINT('',(0.0665609874933958,0.00780253591388464,-0.00731443740308285));
#4105=CARTESIAN_POINT('',(0.0656609874933958,0.00780253591388464,-0.00731443740308285));
#4106=CARTESIAN_POINT('',(0.0656609874933958,0.00780253591388464,-0.00731443740308285));
#4107=CARTESIAN_POINT('',(0.0663209874933958,0.00780253591388464,-0.00731443740308285));
#4108=CARTESIAN_POINT('',(0.0656609874933958,0.00780253591388464,-0.0108844374030828));
#4109=CARTESIAN_POINT('',(0.0656609874933958,0.00780253591388464,-0.0108844374030828));
#4110=CARTESIAN_POINT('',(0.0663209874933958,0.00780253591388464,-0.0108844374030828));
#4111=CARTESIAN_POINT('',(0.0656609874933958,0.00780253591388464,-0.0110994374030828));
#4112=CARTESIAN_POINT('',(0.0656609874933958,0.00780253591388464,-0.0113144374030828));
#4113=CARTESIAN_POINT('',(0.0658909874933958,0.00780253591388464,-0.0113144374030828));
#4114=CARTESIAN_POINT('',(0.0656609874933958,0.00780253591388464,-0.0147744374030828));
#4115=CARTESIAN_POINT('',(0.0656609874933958,0.00780253591388464,-0.0147744374030828));
#4116=CARTESIAN_POINT('',(0.0658909874933958,0.00780253591388464,-0.0147744374030828));
#4117=CARTESIAN_POINT('',(0.0656609874933958,0.00780253591388464,-0.0147744374030828));
#4118=CARTESIAN_POINT('',(0.,0.,0.));
#4119=CARTESIAN_POINT('',(0.0656609874933958,0.0103425359138846,-0.00361443740308285));
#4120=CARTESIAN_POINT('',(0.0656609874933958,0.0103425359138846,-0.00361443740308285));
#4121=CARTESIAN_POINT('',(0.0656609874933958,0.0100425359138846,-0.00361443740308285));
#4122=CARTESIAN_POINT('',(0.0656609874933958,0.0103425359138846,-0.00631443740308285));
#4123=CARTESIAN_POINT('',(0.0656609874933958,0.0103425359138846,-0.00631443740308285));
#4124=CARTESIAN_POINT('',(0.0659609874933958,0.0103425359138846,-0.00631443740308285));
#4125=CARTESIAN_POINT('',(0.0656609874933958,0.0103425359138846,-0.00631443740308285));
#4126=CARTESIAN_POINT('',(0.0656609874933958,0.0103425359138846,-0.00631443740308285));
#4127=CARTESIAN_POINT('',(0.0665609874933958,0.0103425359138846,-0.00631443740308285));
#4128=CARTESIAN_POINT('',(0.0656609874933958,0.0103425359138846,-0.00731443740308285));
#4129=CARTESIAN_POINT('',(0.0656609874933958,0.0103425359138846,-0.00731443740308285));
#4130=CARTESIAN_POINT('',(0.0665609874933958,0.0103425359138846,-0.00731443740308285));
#4131=CARTESIAN_POINT('',(0.0656609874933958,0.0103425359138846,-0.00731443740308285));
#4132=CARTESIAN_POINT('',(0.0656609874933958,0.0103425359138846,-0.00731443740308285));
#4133=CARTESIAN_POINT('',(0.0663209874933958,0.0103425359138846,-0.00731443740308285));
#4134=CARTESIAN_POINT('',(0.0656609874933958,0.0103425359138846,-0.0108844374030828));
#4135=CARTESIAN_POINT('',(0.0656609874933958,0.0103425359138846,-0.0108844374030828));
#4136=CARTESIAN_POINT('',(0.0663209874933958,0.0103425359138846,-0.0108844374030828));
#4137=CARTESIAN_POINT('',(0.0656609874933958,0.0103425359138846,-0.0110994374030828));
#4138=CARTESIAN_POINT('',(0.0656609874933958,0.0103425359138846,-0.0113144374030828));
#4139=CARTESIAN_POINT('',(0.0658909874933958,0.0103425359138846,-0.0113144374030828));
#4140=CARTESIAN_POINT('',(0.0656609874933958,0.0103425359138846,-0.0147744374030828));
#4141=CARTESIAN_POINT('',(0.0656609874933958,0.0103425359138846,-0.0147744374030828));
#4142=CARTESIAN_POINT('',(0.0658909874933958,0.0103425359138846,-0.0147744374030828));
#4143=CARTESIAN_POINT('',(0.0656609874933958,0.0103425359138846,-0.0147744374030828));
#4144=CARTESIAN_POINT('',(0.,0.,0.));
#4145=CARTESIAN_POINT('',(0.0656609874933958,0.0179625359138847,-0.00361443740308285));
#4146=CARTESIAN_POINT('',(0.0656609874933958,0.0179625359138847,-0.00361443740308285));
#4147=CARTESIAN_POINT('',(0.0656609874933958,0.0176625359138846,-0.00361443740308285));
#4148=CARTESIAN_POINT('',(0.0656609874933958,0.0179625359138847,-0.00631443740308285));
#4149=CARTESIAN_POINT('',(0.0656609874933958,0.0179625359138847,-0.00631443740308285));
#4150=CARTESIAN_POINT('',(0.0659609874933958,0.0179625359138847,-0.00631443740308285));
#4151=CARTESIAN_POINT('',(0.0656609874933958,0.0179625359138847,-0.00631443740308285));
#4152=CARTESIAN_POINT('',(0.0656609874933958,0.0179625359138847,-0.00631443740308285));
#4153=CARTESIAN_POINT('',(0.0665609874933958,0.0179625359138847,-0.00631443740308285));
#4154=CARTESIAN_POINT('',(0.0656609874933958,0.0179625359138847,-0.00731443740308285));
#4155=CARTESIAN_POINT('',(0.0656609874933958,0.0179625359138847,-0.00731443740308285));
#4156=CARTESIAN_POINT('',(0.0665609874933958,0.0179625359138847,-0.00731443740308285));
#4157=CARTESIAN_POINT('',(0.0656609874933958,0.0179625359138847,-0.00731443740308285));
#4158=CARTESIAN_POINT('',(0.0656609874933958,0.0179625359138847,-0.00731443740308285));
#4159=CARTESIAN_POINT('',(0.0663209874933958,0.0179625359138847,-0.00731443740308285));
#4160=CARTESIAN_POINT('',(0.0656609874933958,0.0179625359138847,-0.0108844374030828));
#4161=CARTESIAN_POINT('',(0.0656609874933958,0.0179625359138847,-0.0108844374030828));
#4162=CARTESIAN_POINT('',(0.0663209874933958,0.0179625359138847,-0.0108844374030828));
#4163=CARTESIAN_POINT('',(0.0656609874933958,0.0179625359138847,-0.0110994374030828));
#4164=CARTESIAN_POINT('',(0.0656609874933958,0.0179625359138847,-0.0113144374030828));
#4165=CARTESIAN_POINT('',(0.0658909874933958,0.0179625359138847,-0.0113144374030828));
#4166=CARTESIAN_POINT('',(0.0656609874933958,0.0179625359138847,-0.0147744374030828));
#4167=CARTESIAN_POINT('',(0.0656609874933958,0.0179625359138847,-0.0147744374030828));
#4168=CARTESIAN_POINT('',(0.0658909874933958,0.0179625359138847,-0.0147744374030828));
#4169=CARTESIAN_POINT('',(0.0656609874933958,0.0179625359138847,-0.0147744374030828));
#4170=CARTESIAN_POINT('',(0.,0.,0.));
#4171=CARTESIAN_POINT('',(0.0656609874933958,0.00780253591388464,-0.00981443740308285));
#4172=CARTESIAN_POINT('',(0.0656609874933958,0.00780253591388464,-0.00981443740308285));
#4173=CARTESIAN_POINT('',(0.0663209874933958,0.00780253591388464,-0.00981443740308285));
#4174=CARTESIAN_POINT('',(0.0656609874933958,0.00780253591388464,-0.00731443740308285));
#4175=CARTESIAN_POINT('',(0.0663209874933958,0.00780253591388464,-0.00731443740308285));
#4176=CARTESIAN_POINT('',(0.0656609874933958,0.00526253591388464,-0.00981443740308285));
#4177=CARTESIAN_POINT('',(0.0656609874933958,0.00526253591388464,-0.00981443740308285));
#4178=CARTESIAN_POINT('',(0.0663209874933958,0.00526253591388464,-0.00981443740308285));
#4179=CARTESIAN_POINT('',(0.0656609874933958,0.00526253591388464,-0.00731443740308285));
#4180=CARTESIAN_POINT('',(0.0663209874933958,0.00526253591388464,-0.00731443740308285));
#4181=CARTESIAN_POINT('',(0.0656609874933958,0.0103425359138846,-0.00981443740308285));
#4182=CARTESIAN_POINT('',(0.0656609874933958,0.0103425359138846,-0.00981443740308285));
#4183=CARTESIAN_POINT('',(0.0663209874933958,0.0103425359138846,-0.00981443740308285));
#4184=CARTESIAN_POINT('',(0.0656609874933958,0.0103425359138846,-0.00731443740308285));
#4185=CARTESIAN_POINT('',(0.0663209874933958,0.0103425359138846,-0.00731443740308285));
#4186=CARTESIAN_POINT('',(0.0656609874933958,0.0128825359138846,-0.00981443740308285));
#4187=CARTESIAN_POINT('',(0.0656609874933958,0.0128825359138846,-0.00981443740308285));
#4188=CARTESIAN_POINT('',(0.0663209874933958,0.0128825359138846,-0.00981443740308285));
#4189=CARTESIAN_POINT('',(0.0656609874933958,0.0128825359138846,-0.00731443740308285));
#4190=CARTESIAN_POINT('',(0.0663209874933958,0.0128825359138846,-0.00731443740308285));
#4191=CARTESIAN_POINT('',(0.0656609874933958,0.0154225359138846,-0.00981443740308285));
#4192=CARTESIAN_POINT('',(0.0656609874933958,0.0154225359138846,-0.00981443740308285));
#4193=CARTESIAN_POINT('',(0.0663209874933958,0.0154225359138846,-0.00981443740308285));
#4194=CARTESIAN_POINT('',(0.0656609874933958,0.0154225359138846,-0.00731443740308285));
#4195=CARTESIAN_POINT('',(0.0663209874933958,0.0154225359138846,-0.00731443740308285));
#4196=CARTESIAN_POINT('',(0.0656609874933958,0.0179625359138847,-0.00981443740308285));
#4197=CARTESIAN_POINT('',(0.0656609874933958,0.0179625359138847,-0.00981443740308285));
#4198=CARTESIAN_POINT('',(0.0663209874933958,0.0179625359138847,-0.00981443740308285));
#4199=CARTESIAN_POINT('',(0.0656609874933958,0.0179625359138847,-0.00731443740308285));
#4200=CARTESIAN_POINT('',(0.0663209874933958,0.0179625359138847,-0.00731443740308285));
#4201=CARTESIAN_POINT('',(0.0656609874933958,0.0205025359138847,-0.00981443740308285));
#4202=CARTESIAN_POINT('',(0.0656609874933958,0.0205025359138847,-0.00981443740308285));
#4203=CARTESIAN_POINT('',(0.0663209874933958,0.0205025359138847,-0.00981443740308285));
#4204=CARTESIAN_POINT('',(0.0656609874933958,0.0205025359138847,-0.00731443740308285));
#4205=CARTESIAN_POINT('',(0.0663209874933958,0.0205025359138847,-0.00731443740308285));
#4206=CARTESIAN_POINT('',(0.0656609874933958,0.0230425359138847,-0.00681443740308285));
#4207=CARTESIAN_POINT('',(0.0649109874933958,0.0230425359138847,-0.00681443740308285));
#4208=CARTESIAN_POINT('',(0.0649109874933958,0.0243125359138847,-0.00681443740308285));
#4209=CARTESIAN_POINT('',(0.0649109874933958,0.0241625359138847,-0.00681443740308285));
#4210=CARTESIAN_POINT('',(0.0649109874933958,0.0241625359138847,-0.00681443740308285));
#4211=CARTESIAN_POINT('',(0.0643909874933958,0.023862313773906,-0.00681443740308285));
#4212=CARTESIAN_POINT('',(0.0643909874933958,0.0230425359138847,-0.00681443740308285));
#4213=CARTESIAN_POINT('',(0.0643909874933958,0.0222227580538632,-0.00681443740308285));
#4214=CARTESIAN_POINT('',(0.0643909874933958,0.0222227580538632,-0.00681443740308285));
#4215=CARTESIAN_POINT('',(0.0649109874933958,0.0219225359138847,-0.00681443740308285));
#4216=CARTESIAN_POINT('',(0.0649109874933958,0.0230425359138847,-0.00681443740308285));
#4217=CARTESIAN_POINT('',(0.0649109874933958,0.0216225359138847,-0.00681443740308285));
#4218=CARTESIAN_POINT('',(0.0649109874933958,0.0216225359138847,-0.00681443740308285));
#4219=CARTESIAN_POINT('',(0.0643909874933958,0.021322313773906,-0.00681443740308285));
#4220=CARTESIAN_POINT('',(0.0643909874933958,0.0230425359138847,-0.00681443740308285));
#4221=CARTESIAN_POINT('',(0.0643909874933958,0.0196827580538632,-0.00681443740308285));
#4222=CARTESIAN_POINT('',(0.0643909874933958,0.0196827580538632,-0.00681443740308285));
#4223=CARTESIAN_POINT('',(0.0649109874933958,0.0193825359138846,-0.00681443740308285));
#4224=CARTESIAN_POINT('',(0.0649109874933958,0.0230425359138847,-0.00681443740308285));
#4225=CARTESIAN_POINT('',(0.0649109874933958,0.0190825359138846,-0.00681443740308285));
#4226=CARTESIAN_POINT('',(0.0649109874933958,0.0190825359138846,-0.00681443740308285));
#4227=CARTESIAN_POINT('',(0.0643909874933958,0.018782313773906,-0.00681443740308285));
#4228=CARTESIAN_POINT('',(0.0643909874933958,0.0230425359138847,-0.00681443740308285));
#4229=CARTESIAN_POINT('',(0.0643909874933958,0.0171427580538633,-0.00681443740308285));
#4230=CARTESIAN_POINT('',(0.0643909874933958,0.0171427580538633,-0.00681443740308285));
#4231=CARTESIAN_POINT('',(0.0649109874933958,0.0168425359138847,-0.00681443740308285));
#4232=CARTESIAN_POINT('',(0.0649109874933958,0.0230425359138847,-0.00681443740308285));
#4233=CARTESIAN_POINT('',(0.0649109874933958,0.0165425359138846,-0.00681443740308285));
#4234=CARTESIAN_POINT('',(0.0649109874933958,0.0165425359138846,-0.00681443740308285));
#4235=CARTESIAN_POINT('',(0.0643909874933958,0.016242313773906,-0.00681443740308285));
#4236=CARTESIAN_POINT('',(0.0643909874933958,0.0230425359138847,-0.00681443740308285));
#4237=CARTESIAN_POINT('',(0.0643909874933958,0.0146027580538632,-0.00681443740308285));
#4238=CARTESIAN_POINT('',(0.0643909874933958,0.0146027580538632,-0.00681443740308285));
#4239=CARTESIAN_POINT('',(0.0649109874933958,0.0143025359138846,-0.00681443740308285));
#4240=CARTESIAN_POINT('',(0.0649109874933958,0.0230425359138847,-0.00681443740308285));
#4241=CARTESIAN_POINT('',(0.0649109874933958,0.0140025359138846,-0.00681443740308285));
#4242=CARTESIAN_POINT('',(0.0649109874933958,0.0140025359138846,-0.00681443740308285));
#4243=CARTESIAN_POINT('',(0.0643909874933958,0.013702313773906,-0.00681443740308285));
#4244=CARTESIAN_POINT('',(0.0643909874933958,0.0230425359138847,-0.00681443740308285));
#4245=CARTESIAN_POINT('',(0.0643909874933958,0.0120627580538632,-0.00681443740308285));
#4246=CARTESIAN_POINT('',(0.0643909874933958,0.0120627580538632,-0.00681443740308285));
#4247=CARTESIAN_POINT('',(0.0649109874933958,0.0117625359138846,-0.00681443740308285));
#4248=CARTESIAN_POINT('',(0.0649109874933958,0.0230425359138847,-0.00681443740308285));
#4249=CARTESIAN_POINT('',(0.0649109874933958,0.0114625359138846,-0.00681443740308285));
#4250=CARTESIAN_POINT('',(0.0649109874933958,0.0114625359138846,-0.00681443740308285));
#4251=CARTESIAN_POINT('',(0.0643909874933958,0.011162313773906,-0.00681443740308285));
#4252=CARTESIAN_POINT('',(0.0643909874933958,0.0230425359138847,-0.00681443740308285));
#4253=CARTESIAN_POINT('',(0.0643909874933958,0.00952275805386324,-0.00681443740308285));
#4254=CARTESIAN_POINT('',(0.0643909874933958,0.00952275805386324,-0.00681443740308285));
#4255=CARTESIAN_POINT('',(0.0649109874933958,0.00922253591388464,-0.00681443740308285));
#4256=CARTESIAN_POINT('',(0.0649109874933958,0.0230425359138847,-0.00681443740308285));
#4257=CARTESIAN_POINT('',(0.0649109874933958,0.00892253591388464,-0.00681443740308285));
#4258=CARTESIAN_POINT('',(0.0649109874933958,0.00892253591388464,-0.00681443740308285));
#4259=CARTESIAN_POINT('',(0.0643909874933958,0.00862231377390604,-0.00681443740308285));
#4260=CARTESIAN_POINT('',(0.0643909874933958,0.0230425359138847,-0.00681443740308285));
#4261=CARTESIAN_POINT('',(0.0643909874933958,0.00698275805386324,-0.00681443740308285));
#4262=CARTESIAN_POINT('',(0.0643909874933958,0.00698275805386324,-0.00681443740308285));
#4263=CARTESIAN_POINT('',(0.0649109874933958,0.00668253591388464,-0.00681443740308285));
#4264=CARTESIAN_POINT('',(0.0649109874933958,0.0230425359138847,-0.00681443740308285));
#4265=CARTESIAN_POINT('',(0.0649109874933958,0.00638253591388464,-0.00681443740308285));
#4266=CARTESIAN_POINT('',(0.0649109874933958,0.00638253591388464,-0.00681443740308285));
#4267=CARTESIAN_POINT('',(0.0643909874933958,0.00608231377390604,-0.00681443740308285));
#4268=CARTESIAN_POINT('',(0.0643909874933958,0.0230425359138847,-0.00681443740308285));
#4269=CARTESIAN_POINT('',(0.0643909874933958,0.00444275805386325,-0.00681443740308285));
#4270=CARTESIAN_POINT('',(0.0643909874933958,0.00444275805386324,-0.00681443740308285));
#4271=CARTESIAN_POINT('',(0.0649109874933958,0.00414253591388464,-0.00681443740308285));
#4272=CARTESIAN_POINT('',(0.0649109874933958,0.0230425359138847,-0.00681443740308285));
#4273=CARTESIAN_POINT('',(0.0649109874933958,0.00399253591388464,-0.00681443740308285));
#4274=CARTESIAN_POINT('',(0.0656609874933958,0.00399253591388464,-0.00681443740308285));
#4275=CARTESIAN_POINT('',(0.0664109874933958,0.00399253591388464,-0.00681443740308285));
#4276=CARTESIAN_POINT('',(0.0664109874933958,0.0230425359138847,-0.00681443740308285));
#4277=CARTESIAN_POINT('',(0.0664109874933958,0.00414253591388464,-0.00681443740308285));
#4278=CARTESIAN_POINT('',(0.0664109874933958,0.00414253591388464,-0.00681443740308285));
#4279=CARTESIAN_POINT('',(0.0669309874933958,0.00444275805386325,-0.00681443740308285));
#4280=CARTESIAN_POINT('',(0.0669309874933958,0.0230425359138847,-0.00681443740308285));
#4281=CARTESIAN_POINT('',(0.0669309874933958,0.00608231377390604,-0.00681443740308285));
#4282=CARTESIAN_POINT('',(0.0669309874933958,0.00608231377390604,-0.00681443740308285));
#4283=CARTESIAN_POINT('',(0.0664109874933958,0.00638253591388464,-0.00681443740308285));
#4284=CARTESIAN_POINT('',(0.0664109874933958,0.0230425359138847,-0.00681443740308285));
#4285=CARTESIAN_POINT('',(0.0664109874933958,0.00668253591388464,-0.00681443740308285));
#4286=CARTESIAN_POINT('',(0.0664109874933958,0.00668253591388464,-0.00681443740308285));
#4287=CARTESIAN_POINT('',(0.0669309874933958,0.00698275805386324,-0.00681443740308285));
#4288=CARTESIAN_POINT('',(0.0669309874933958,0.0230425359138847,-0.00681443740308285));
#4289=CARTESIAN_POINT('',(0.0669309874933958,0.00862231377390604,-0.00681443740308285));
#4290=CARTESIAN_POINT('',(0.0669309874933958,0.00862231377390604,-0.00681443740308285));
#4291=CARTESIAN_POINT('',(0.0664109874933958,0.00892253591388464,-0.00681443740308285));
#4292=CARTESIAN_POINT('',(0.0664109874933958,0.0230425359138847,-0.00681443740308285));
#4293=CARTESIAN_POINT('',(0.0664109874933958,0.00922253591388464,-0.00681443740308285));
#4294=CARTESIAN_POINT('',(0.0664109874933958,0.00922253591388464,-0.00681443740308285));
#4295=CARTESIAN_POINT('',(0.0669309874933958,0.00952275805386324,-0.00681443740308285));
#4296=CARTESIAN_POINT('',(0.0669309874933958,0.0230425359138847,-0.00681443740308285));
#4297=CARTESIAN_POINT('',(0.0669309874933958,0.011162313773906,-0.00681443740308285));
#4298=CARTESIAN_POINT('',(0.0669309874933958,0.011162313773906,-0.00681443740308285));
#4299=CARTESIAN_POINT('',(0.0664109874933958,0.0114625359138846,-0.00681443740308285));
#4300=CARTESIAN_POINT('',(0.0664109874933958,0.0230425359138847,-0.00681443740308285));
#4301=CARTESIAN_POINT('',(0.0664109874933958,0.0117625359138846,-0.00681443740308285));
#4302=CARTESIAN_POINT('',(0.0664109874933958,0.0117625359138846,-0.00681443740308285));
#4303=CARTESIAN_POINT('',(0.0669309874933958,0.0120627580538632,-0.00681443740308285));
#4304=CARTESIAN_POINT('',(0.0669309874933958,0.0230425359138847,-0.00681443740308285));
#4305=CARTESIAN_POINT('',(0.0669309874933958,0.013702313773906,-0.00681443740308285));
#4306=CARTESIAN_POINT('',(0.0669309874933958,0.013702313773906,-0.00681443740308285));
#4307=CARTESIAN_POINT('',(0.0664109874933958,0.0140025359138846,-0.00681443740308285));
#4308=CARTESIAN_POINT('',(0.0664109874933958,0.0230425359138847,-0.00681443740308285));
#4309=CARTESIAN_POINT('',(0.0664109874933958,0.0143025359138846,-0.00681443740308285));
#4310=CARTESIAN_POINT('',(0.0664109874933958,0.0143025359138846,-0.00681443740308285));
#4311=CARTESIAN_POINT('',(0.0669309874933958,0.0146027580538632,-0.00681443740308285));
#4312=CARTESIAN_POINT('',(0.0669309874933958,0.0230425359138847,-0.00681443740308285));
#4313=CARTESIAN_POINT('',(0.0669309874933958,0.016242313773906,-0.00681443740308285));
#4314=CARTESIAN_POINT('',(0.0669309874933958,0.016242313773906,-0.00681443740308285));
#4315=CARTESIAN_POINT('',(0.0664109874933958,0.0165425359138846,-0.00681443740308285));
#4316=CARTESIAN_POINT('',(0.0664109874933958,0.0230425359138847,-0.00681443740308285));
#4317=CARTESIAN_POINT('',(0.0664109874933958,0.0168425359138847,-0.00681443740308285));
#4318=CARTESIAN_POINT('',(0.0664109874933958,0.0168425359138847,-0.00681443740308285));
#4319=CARTESIAN_POINT('',(0.0669309874933958,0.0171427580538633,-0.00681443740308285));
#4320=CARTESIAN_POINT('',(0.0669309874933958,0.0230425359138847,-0.00681443740308285));
#4321=CARTESIAN_POINT('',(0.0669309874933958,0.018782313773906,-0.00681443740308285));
#4322=CARTESIAN_POINT('',(0.0669309874933958,0.018782313773906,-0.00681443740308285));
#4323=CARTESIAN_POINT('',(0.0664109874933958,0.0190825359138846,-0.00681443740308285));
#4324=CARTESIAN_POINT('',(0.0664109874933958,0.0230425359138847,-0.00681443740308285));
#4325=CARTESIAN_POINT('',(0.0664109874933958,0.0193825359138846,-0.00681443740308285));
#4326=CARTESIAN_POINT('',(0.0664109874933958,0.0193825359138846,-0.00681443740308285));
#4327=CARTESIAN_POINT('',(0.0669309874933958,0.0196827580538632,-0.00681443740308285));
#4328=CARTESIAN_POINT('',(0.0669309874933958,0.0230425359138847,-0.00681443740308285));
#4329=CARTESIAN_POINT('',(0.0669309874933958,0.021322313773906,-0.00681443740308285));
#4330=CARTESIAN_POINT('',(0.0669309874933958,0.021322313773906,-0.00681443740308285));
#4331=CARTESIAN_POINT('',(0.0664109874933958,0.0216225359138847,-0.00681443740308285));
#4332=CARTESIAN_POINT('',(0.0664109874933958,0.0230425359138847,-0.00681443740308285));
#4333=CARTESIAN_POINT('',(0.0664109874933958,0.0219225359138847,-0.00681443740308285));
#4334=CARTESIAN_POINT('',(0.0664109874933958,0.0219225359138847,-0.00681443740308285));
#4335=CARTESIAN_POINT('',(0.0669309874933958,0.0222227580538632,-0.00681443740308285));
#4336=CARTESIAN_POINT('',(0.0669309874933958,0.0230425359138847,-0.00681443740308285));
#4337=CARTESIAN_POINT('',(0.0669309874933958,0.023862313773906,-0.00681443740308285));
#4338=CARTESIAN_POINT('',(0.0669309874933958,0.023862313773906,-0.00681443740308285));
#4339=CARTESIAN_POINT('',(0.0664109874933958,0.0241625359138847,-0.00681443740308285));
#4340=CARTESIAN_POINT('',(0.0664109874933958,0.0230425359138847,-0.00681443740308285));
#4341=CARTESIAN_POINT('',(0.0664109874933958,0.0243125359138847,-0.00681443740308285));
#4342=CARTESIAN_POINT('',(0.0656609874933958,0.0243125359138847,-0.00681443740308285));
#4343=CARTESIAN_POINT('',(0.0656609874933958,0.0205025359138847,-0.00681443740308285));
#4344=CARTESIAN_POINT('',(0.0665609874933958,0.0205025359138847,-0.00681443740308285));
#4345=CARTESIAN_POINT('',(0.0656609874933958,0.0179625359138847,-0.00681443740308285));
#4346=CARTESIAN_POINT('',(0.0665609874933958,0.0179625359138847,-0.00681443740308285));
#4347=CARTESIAN_POINT('',(0.0656609874933958,0.0154225359138846,-0.00681443740308285));
#4348=CARTESIAN_POINT('',(0.0665609874933958,0.0154225359138846,-0.00681443740308285));
#4349=CARTESIAN_POINT('',(0.0656609874933958,0.0128825359138846,-0.00681443740308285));
#4350=CARTESIAN_POINT('',(0.0665609874933958,0.0128825359138846,-0.00681443740308285));
#4351=CARTESIAN_POINT('',(0.0656609874933958,0.0103425359138846,-0.00681443740308285));
#4352=CARTESIAN_POINT('',(0.0665609874933958,0.0103425359138846,-0.00681443740308285));
#4353=CARTESIAN_POINT('',(0.0656609874933958,0.00780253591388464,-0.00681443740308285));
#4354=CARTESIAN_POINT('',(0.0665609874933958,0.00780253591388464,-0.00681443740308285));
#4355=CARTESIAN_POINT('',(0.0656609874933958,0.00526253591388464,-0.00681443740308284));
#4356=CARTESIAN_POINT('',(0.0665609874933958,0.00526253591388464,-0.00681443740308284));
#4357=CARTESIAN_POINT('',(0.0656609874933958,0.0230425359138847,-0.00681443740308285));
#4358=CARTESIAN_POINT('',(0.0665609874933958,0.0230425359138847,-0.00681443740308285));
#4359=CARTESIAN_POINT('',(0.0656609874933958,0.0230425359138847,-0.00731443740308285));
#4360=CARTESIAN_POINT('',(0.0656609874933958,0.00526253591388464,-0.00731443740308285));
#4361=CARTESIAN_POINT('',(0.0665609874933958,0.00526253591388464,-0.00731443740308285));
#4362=CARTESIAN_POINT('',(0.0656609874933958,0.00526253591388464,-0.00731443740308285));
#4363=CARTESIAN_POINT('',(0.0656609874933958,0.0230425359138847,-0.00731443740308285));
#4364=CARTESIAN_POINT('',(0.0656609874933958,0.00780253591388464,-0.00731443740308285));
#4365=CARTESIAN_POINT('',(0.0665609874933958,0.00780253591388464,-0.00731443740308285));
#4366=CARTESIAN_POINT('',(0.0656609874933958,0.00780253591388464,-0.00731443740308285));
#4367=CARTESIAN_POINT('',(0.0656609874933958,0.0230425359138847,-0.00731443740308285));
#4368=CARTESIAN_POINT('',(0.0656609874933958,0.0103425359138846,-0.00731443740308285));
#4369=CARTESIAN_POINT('',(0.0665609874933958,0.0103425359138846,-0.00731443740308285));
#4370=CARTESIAN_POINT('',(0.0656609874933958,0.0103425359138846,-0.00731443740308285));
#4371=CARTESIAN_POINT('',(0.0656609874933958,0.0230425359138847,-0.00731443740308285));
#4372=CARTESIAN_POINT('',(0.0656609874933958,0.0128825359138846,-0.00731443740308285));
#4373=CARTESIAN_POINT('',(0.0665609874933958,0.0128825359138846,-0.00731443740308285));
#4374=CARTESIAN_POINT('',(0.0656609874933958,0.0128825359138846,-0.00731443740308285));
#4375=CARTESIAN_POINT('',(0.0656609874933958,0.0230425359138847,-0.00731443740308285));
#4376=CARTESIAN_POINT('',(0.0656609874933958,0.0154225359138846,-0.00731443740308285));
#4377=CARTESIAN_POINT('',(0.0665609874933958,0.0154225359138846,-0.00731443740308285));
#4378=CARTESIAN_POINT('',(0.0656609874933958,0.0154225359138846,-0.00731443740308285));
#4379=CARTESIAN_POINT('',(0.0656609874933958,0.0230425359138847,-0.00731443740308285));
#4380=CARTESIAN_POINT('',(0.0656609874933958,0.0179625359138847,-0.00731443740308285));
#4381=CARTESIAN_POINT('',(0.0665609874933958,0.0179625359138847,-0.00731443740308285));
#4382=CARTESIAN_POINT('',(0.0656609874933958,0.0179625359138847,-0.00731443740308285));
#4383=CARTESIAN_POINT('',(0.0656609874933958,0.0230425359138847,-0.00731443740308285));
#4384=CARTESIAN_POINT('',(0.0656609874933958,0.0205025359138847,-0.00731443740308285));
#4385=CARTESIAN_POINT('',(0.0665609874933958,0.0205025359138847,-0.00731443740308285));
#4386=CARTESIAN_POINT('',(0.0656609874933958,0.0205025359138847,-0.00731443740308285));
#4387=CARTESIAN_POINT('',(0.0656609874933958,0.0230425359138847,-0.00981443740308285));
#4388=CARTESIAN_POINT('',(0.0664109874933958,0.0243125359138847,-0.00981443740308285));
#4389=CARTESIAN_POINT('',(0.0664109874933958,0.0243125359138847,-0.00981443740308285));
#4390=CARTESIAN_POINT('',(0.0649109874933958,0.0243125359138847,-0.00981443740308285));
#4391=CARTESIAN_POINT('',(0.0664109874933958,0.0217725359138847,-0.00981443740308285));
#4392=CARTESIAN_POINT('',(0.0664109874933958,0.0241625359138847,-0.00981443740308285));
#4393=CARTESIAN_POINT('',(0.0669309874933958,0.023862313773906,-0.00981443740308285));
#4394=CARTESIAN_POINT('',(0.0669309874933958,0.023862313773906,-0.00981443740308285));
#4395=CARTESIAN_POINT('',(0.0669309874933958,0.0222227580538632,-0.00981443740308285));
#4396=CARTESIAN_POINT('',(0.0669309874933958,0.0222227580538632,-0.00981443740308285));
#4397=CARTESIAN_POINT('',(0.0664109874933958,0.0219225359138847,-0.00981443740308285));
#4398=CARTESIAN_POINT('',(0.0664109874933958,0.0219225359138847,-0.00981443740308285));
#4399=CARTESIAN_POINT('',(0.0664109874933958,0.0217725359138847,-0.00981443740308285));
#4400=CARTESIAN_POINT('',(0.0664109874933958,0.0216225359138847,-0.00981443740308285));
#4401=CARTESIAN_POINT('',(0.0669309874933958,0.021322313773906,-0.00981443740308285));
#4402=CARTESIAN_POINT('',(0.0669309874933958,0.021322313773906,-0.00981443740308285));
#4403=CARTESIAN_POINT('',(0.0669309874933958,0.0222227580538632,-0.00981443740308285));
#4404=CARTESIAN_POINT('',(0.0669309874933958,0.0196827580538632,-0.00981443740308285));
#4405=CARTESIAN_POINT('',(0.0664109874933958,0.0193825359138846,-0.00981443740308285));
#4406=CARTESIAN_POINT('',(0.0664109874933958,0.0193825359138846,-0.00981443740308285));
#4407=CARTESIAN_POINT('',(0.0664109874933958,0.0217725359138847,-0.00981443740308285));
#4408=CARTESIAN_POINT('',(0.0664109874933958,0.0190825359138846,-0.00981443740308285));
#4409=CARTESIAN_POINT('',(0.0669309874933958,0.018782313773906,-0.00981443740308285));
#4410=CARTESIAN_POINT('',(0.0669309874933958,0.018782313773906,-0.00981443740308285));
#4411=CARTESIAN_POINT('',(0.0669309874933958,0.0222227580538632,-0.00981443740308285));
#4412=CARTESIAN_POINT('',(0.0669309874933958,0.0171427580538633,-0.00981443740308285));
#4413=CARTESIAN_POINT('',(0.0664109874933958,0.0168425359138847,-0.00981443740308285));
#4414=CARTESIAN_POINT('',(0.0664109874933958,0.0168425359138847,-0.00981443740308285));
#4415=CARTESIAN_POINT('',(0.0664109874933958,0.0217725359138847,-0.00981443740308285));
#4416=CARTESIAN_POINT('',(0.0664109874933958,0.0165425359138846,-0.00981443740308285));
#4417=CARTESIAN_POINT('',(0.0669309874933958,0.016242313773906,-0.00981443740308285));
#4418=CARTESIAN_POINT('',(0.0669309874933958,0.016242313773906,-0.00981443740308285));
#4419=CARTESIAN_POINT('',(0.0669309874933958,0.0222227580538632,-0.00981443740308285));
#4420=CARTESIAN_POINT('',(0.0669309874933958,0.0146027580538632,-0.00981443740308285));
#4421=CARTESIAN_POINT('',(0.0664109874933958,0.0143025359138846,-0.00981443740308285));
#4422=CARTESIAN_POINT('',(0.0664109874933958,0.0143025359138846,-0.00981443740308285));
#4423=CARTESIAN_POINT('',(0.0664109874933958,0.0217725359138847,-0.00981443740308285));
#4424=CARTESIAN_POINT('',(0.0664109874933958,0.0140025359138846,-0.00981443740308285));
#4425=CARTESIAN_POINT('',(0.0669309874933958,0.013702313773906,-0.00981443740308285));
#4426=CARTESIAN_POINT('',(0.0669309874933958,0.013702313773906,-0.00981443740308285));
#4427=CARTESIAN_POINT('',(0.0669309874933958,0.0222227580538632,-0.00981443740308285));
#4428=CARTESIAN_POINT('',(0.0669309874933958,0.0120627580538632,-0.00981443740308285));
#4429=CARTESIAN_POINT('',(0.0664109874933958,0.0117625359138846,-0.00981443740308285));
#4430=CARTESIAN_POINT('',(0.0664109874933958,0.0117625359138846,-0.00981443740308285));
#4431=CARTESIAN_POINT('',(0.0664109874933958,0.0217725359138847,-0.00981443740308285));
#4432=CARTESIAN_POINT('',(0.0664109874933958,0.0114625359138846,-0.00981443740308285));
#4433=CARTESIAN_POINT('',(0.0669309874933958,0.011162313773906,-0.00981443740308285));
#4434=CARTESIAN_POINT('',(0.0669309874933958,0.011162313773906,-0.00981443740308285));
#4435=CARTESIAN_POINT('',(0.0669309874933958,0.0222227580538632,-0.00981443740308285));
#4436=CARTESIAN_POINT('',(0.0669309874933958,0.00952275805386324,-0.00981443740308285));
#4437=CARTESIAN_POINT('',(0.0664109874933958,0.00922253591388464,-0.00981443740308285));
#4438=CARTESIAN_POINT('',(0.0664109874933958,0.00922253591388464,-0.00981443740308285));
#4439=CARTESIAN_POINT('',(0.0664109874933958,0.0217725359138847,-0.00981443740308285));
#4440=CARTESIAN_POINT('',(0.0664109874933958,0.00892253591388464,-0.00981443740308285));
#4441=CARTESIAN_POINT('',(0.0669309874933958,0.00862231377390604,-0.00981443740308285));
#4442=CARTESIAN_POINT('',(0.0669309874933958,0.00862231377390604,-0.00981443740308285));
#4443=CARTESIAN_POINT('',(0.0669309874933958,0.0222227580538632,-0.00981443740308285));
#4444=CARTESIAN_POINT('',(0.0669309874933958,0.00698275805386324,-0.00981443740308285));
#4445=CARTESIAN_POINT('',(0.0664109874933958,0.00668253591388464,-0.00981443740308285));
#4446=CARTESIAN_POINT('',(0.0664109874933958,0.00668253591388464,-0.00981443740308285));
#4447=CARTESIAN_POINT('',(0.0664109874933958,0.0217725359138847,-0.00981443740308285));
#4448=CARTESIAN_POINT('',(0.0664109874933958,0.00638253591388464,-0.00981443740308285));
#4449=CARTESIAN_POINT('',(0.0669309874933958,0.00608231377390604,-0.00981443740308285));
#4450=CARTESIAN_POINT('',(0.0669309874933958,0.00608231377390604,-0.00981443740308285));
#4451=CARTESIAN_POINT('',(0.0669309874933958,0.0222227580538632,-0.00981443740308285));
#4452=CARTESIAN_POINT('',(0.0669309874933958,0.00444275805386324,-0.00981443740308285));
#4453=CARTESIAN_POINT('',(0.0664109874933958,0.00414253591388464,-0.00981443740308285));
#4454=CARTESIAN_POINT('',(0.0664109874933958,0.00414253591388464,-0.00981443740308285));
#4455=CARTESIAN_POINT('',(0.0664109874933958,0.0217725359138847,-0.00981443740308285));
#4456=CARTESIAN_POINT('',(0.0664109874933958,0.00399253591388464,-0.00981443740308285));
#4457=CARTESIAN_POINT('',(0.0649109874933958,0.00399253591388464,-0.00981443740308285));
#4458=CARTESIAN_POINT('',(0.0649109874933958,0.00399253591388464,-0.00981443740308285));
#4459=CARTESIAN_POINT('',(0.0649109874933958,0.0219225359138847,-0.00981443740308285));
#4460=CARTESIAN_POINT('',(0.0649109874933958,0.00414253591388464,-0.00981443740308285));
#4461=CARTESIAN_POINT('',(0.0643909874933958,0.00444275805386324,-0.00981443740308285));
#4462=CARTESIAN_POINT('',(0.0643909874933958,0.00444275805386325,-0.00981443740308285));
#4463=CARTESIAN_POINT('',(0.0643909874933958,0.023862313773906,-0.00981443740308285));
#4464=CARTESIAN_POINT('',(0.0643909874933958,0.00608231377390603,-0.00981443740308285));
#4465=CARTESIAN_POINT('',(0.0649109874933958,0.00638253591388464,-0.00981443740308285));
#4466=CARTESIAN_POINT('',(0.0649109874933958,0.00638253591388464,-0.00981443740308285));
#4467=CARTESIAN_POINT('',(0.0649109874933958,0.0219225359138847,-0.00981443740308285));
#4468=CARTESIAN_POINT('',(0.0649109874933958,0.00668253591388464,-0.00981443740308285));
#4469=CARTESIAN_POINT('',(0.0643909874933958,0.00698275805386324,-0.00981443740308285));
#4470=CARTESIAN_POINT('',(0.0643909874933958,0.00698275805386324,-0.00981443740308285));
#4471=CARTESIAN_POINT('',(0.0643909874933958,0.023862313773906,-0.00981443740308285));
#4472=CARTESIAN_POINT('',(0.0643909874933958,0.00862231377390604,-0.00981443740308285));
#4473=CARTESIAN_POINT('',(0.0649109874933958,0.00892253591388464,-0.00981443740308285));
#4474=CARTESIAN_POINT('',(0.0649109874933958,0.00892253591388464,-0.00981443740308285));
#4475=CARTESIAN_POINT('',(0.0649109874933958,0.0219225359138847,-0.00981443740308285));
#4476=CARTESIAN_POINT('',(0.0649109874933958,0.00922253591388464,-0.00981443740308285));
#4477=CARTESIAN_POINT('',(0.0643909874933958,0.00952275805386324,-0.00981443740308285));
#4478=CARTESIAN_POINT('',(0.0643909874933958,0.00952275805386324,-0.00981443740308285));
#4479=CARTESIAN_POINT('',(0.0643909874933958,0.023862313773906,-0.00981443740308285));
#4480=CARTESIAN_POINT('',(0.0643909874933958,0.011162313773906,-0.00981443740308285));
#4481=CARTESIAN_POINT('',(0.0649109874933958,0.0114625359138846,-0.00981443740308285));
#4482=CARTESIAN_POINT('',(0.0649109874933958,0.0114625359138846,-0.00981443740308285));
#4483=CARTESIAN_POINT('',(0.0649109874933958,0.0219225359138847,-0.00981443740308285));
#4484=CARTESIAN_POINT('',(0.0649109874933958,0.0117625359138846,-0.00981443740308285));
#4485=CARTESIAN_POINT('',(0.0643909874933958,0.0120627580538632,-0.00981443740308285));
#4486=CARTESIAN_POINT('',(0.0643909874933958,0.0120627580538632,-0.00981443740308285));
#4487=CARTESIAN_POINT('',(0.0643909874933958,0.023862313773906,-0.00981443740308285));
#4488=CARTESIAN_POINT('',(0.0643909874933958,0.013702313773906,-0.00981443740308285));
#4489=CARTESIAN_POINT('',(0.0649109874933958,0.0140025359138846,-0.00981443740308285));
#4490=CARTESIAN_POINT('',(0.0649109874933958,0.0140025359138846,-0.00981443740308285));
#4491=CARTESIAN_POINT('',(0.0649109874933958,0.0219225359138847,-0.00981443740308285));
#4492=CARTESIAN_POINT('',(0.0649109874933958,0.0143025359138846,-0.00981443740308285));
#4493=CARTESIAN_POINT('',(0.0643909874933958,0.0146027580538632,-0.00981443740308285));
#4494=CARTESIAN_POINT('',(0.0643909874933958,0.0146027580538632,-0.00981443740308285));
#4495=CARTESIAN_POINT('',(0.0643909874933958,0.023862313773906,-0.00981443740308285));
#4496=CARTESIAN_POINT('',(0.0643909874933958,0.016242313773906,-0.00981443740308285));
#4497=CARTESIAN_POINT('',(0.0649109874933958,0.0165425359138846,-0.00981443740308285));
#4498=CARTESIAN_POINT('',(0.0649109874933958,0.0165425359138846,-0.00981443740308285));
#4499=CARTESIAN_POINT('',(0.0649109874933958,0.0219225359138847,-0.00981443740308285));
#4500=CARTESIAN_POINT('',(0.0649109874933958,0.0168425359138847,-0.00981443740308285));
#4501=CARTESIAN_POINT('',(0.0643909874933958,0.0171427580538633,-0.00981443740308285));
#4502=CARTESIAN_POINT('',(0.0643909874933958,0.0171427580538633,-0.00981443740308285));
#4503=CARTESIAN_POINT('',(0.0643909874933958,0.023862313773906,-0.00981443740308285));
#4504=CARTESIAN_POINT('',(0.0643909874933958,0.018782313773906,-0.00981443740308285));
#4505=CARTESIAN_POINT('',(0.0649109874933958,0.0190825359138846,-0.00981443740308285));
#4506=CARTESIAN_POINT('',(0.0649109874933958,0.0190825359138846,-0.00981443740308285));
#4507=CARTESIAN_POINT('',(0.0649109874933958,0.0219225359138847,-0.00981443740308285));
#4508=CARTESIAN_POINT('',(0.0649109874933958,0.0193825359138846,-0.00981443740308285));
#4509=CARTESIAN_POINT('',(0.0643909874933958,0.0196827580538632,-0.00981443740308285));
#4510=CARTESIAN_POINT('',(0.0643909874933958,0.0196827580538632,-0.00981443740308285));
#4511=CARTESIAN_POINT('',(0.0643909874933958,0.023862313773906,-0.00981443740308285));
#4512=CARTESIAN_POINT('',(0.0643909874933958,0.021322313773906,-0.00981443740308285));
#4513=CARTESIAN_POINT('',(0.0649109874933958,0.0216225359138847,-0.00981443740308285));
#4514=CARTESIAN_POINT('',(0.0649109874933958,0.0216225359138847,-0.00981443740308285));
#4515=CARTESIAN_POINT('',(0.0649109874933958,0.0219225359138847,-0.00981443740308285));
#4516=CARTESIAN_POINT('',(0.0649109874933958,0.0219225359138847,-0.00981443740308285));
#4517=CARTESIAN_POINT('',(0.0643909874933958,0.0222227580538632,-0.00981443740308285));
#4518=CARTESIAN_POINT('',(0.0643909874933958,0.0222227580538632,-0.00981443740308285));
#4519=CARTESIAN_POINT('',(0.0643909874933958,0.023862313773906,-0.00981443740308285));
#4520=CARTESIAN_POINT('',(0.0643909874933958,0.023862313773906,-0.00981443740308285));
#4521=CARTESIAN_POINT('',(0.0649109874933958,0.0241625359138847,-0.00981443740308285));
#4522=CARTESIAN_POINT('',(0.0649109874933958,0.0241625359138847,-0.00981443740308285));
#4523=CARTESIAN_POINT('',(0.0649109874933958,0.0219225359138847,-0.00981443740308285));
#4524=CARTESIAN_POINT('',(0.0656609874933958,0.0230425359138847,-0.00981443740308285));
#4525=CARTESIAN_POINT('',(0.0663209874933958,0.0230425359138847,-0.00981443740308285));
#4526=CARTESIAN_POINT('',(0.0649109874933958,0.0219225359138847,-0.00981443740308285));
#4527=CARTESIAN_POINT('',(0.0649109874933958,0.0241625359138847,-0.00981443740308285));
#4528=CARTESIAN_POINT('',(0.0649109874933958,0.0243125359138847,-0.00981443740308285));
#4529=CARTESIAN_POINT('',(0.0649109874933958,0.0241625359138847,-0.00981443740308285));
#4530=CARTESIAN_POINT('',(0.0643909874933958,0.023862313773906,-0.00981443740308285));
#4531=CARTESIAN_POINT('',(0.0643909874933958,0.023862313773906,-0.00981443740308285));
#4532=CARTESIAN_POINT('',(0.0643909874933958,0.0222227580538632,-0.00981443740308285));
#4533=CARTESIAN_POINT('',(0.0643909874933958,0.0222227580538632,-0.00981443740308285));
#4534=CARTESIAN_POINT('',(0.0649109874933958,0.0219225359138847,-0.00981443740308285));
#4535=CARTESIAN_POINT('',(0.0649109874933958,0.0219225359138847,-0.00981443740308285));
#4536=CARTESIAN_POINT('',(0.0649109874933958,0.0216225359138847,-0.00981443740308285));
#4537=CARTESIAN_POINT('',(0.0649109874933958,0.0216225359138847,-0.00981443740308285));
#4538=CARTESIAN_POINT('',(0.0643909874933958,0.021322313773906,-0.00981443740308285));
#4539=CARTESIAN_POINT('',(0.0643909874933958,0.023862313773906,-0.00981443740308285));
#4540=CARTESIAN_POINT('',(0.0643909874933958,0.0196827580538632,-0.00981443740308285));
#4541=CARTESIAN_POINT('',(0.0643909874933958,0.0196827580538632,-0.00981443740308285));
#4542=CARTESIAN_POINT('',(0.0649109874933958,0.0193825359138846,-0.00981443740308285));
#4543=CARTESIAN_POINT('',(0.0649109874933958,0.0219225359138847,-0.00981443740308285));
#4544=CARTESIAN_POINT('',(0.0649109874933958,0.0190825359138846,-0.00981443740308285));
#4545=CARTESIAN_POINT('',(0.0649109874933958,0.0190825359138846,-0.00981443740308285));
#4546=CARTESIAN_POINT('',(0.0643909874933958,0.018782313773906,-0.00981443740308285));
#4547=CARTESIAN_POINT('',(0.0643909874933958,0.023862313773906,-0.00981443740308285));
#4548=CARTESIAN_POINT('',(0.0643909874933958,0.0171427580538633,-0.00981443740308285));
#4549=CARTESIAN_POINT('',(0.0643909874933958,0.0171427580538633,-0.00981443740308285));
#4550=CARTESIAN_POINT('',(0.0649109874933958,0.0168425359138847,-0.00981443740308285));
#4551=CARTESIAN_POINT('',(0.0649109874933958,0.0219225359138847,-0.00981443740308285));
#4552=CARTESIAN_POINT('',(0.0649109874933958,0.0165425359138846,-0.00981443740308285));
#4553=CARTESIAN_POINT('',(0.0649109874933958,0.0165425359138846,-0.00981443740308285));
#4554=CARTESIAN_POINT('',(0.0643909874933958,0.016242313773906,-0.00981443740308285));
#4555=CARTESIAN_POINT('',(0.0643909874933958,0.023862313773906,-0.00981443740308285));
#4556=CARTESIAN_POINT('',(0.0643909874933958,0.0146027580538632,-0.00981443740308285));
#4557=CARTESIAN_POINT('',(0.0643909874933958,0.0146027580538632,-0.00981443740308285));
#4558=CARTESIAN_POINT('',(0.0649109874933958,0.0143025359138846,-0.00981443740308285));
#4559=CARTESIAN_POINT('',(0.0649109874933958,0.0219225359138847,-0.00981443740308285));
#4560=CARTESIAN_POINT('',(0.0649109874933958,0.0140025359138846,-0.00981443740308285));
#4561=CARTESIAN_POINT('',(0.0649109874933958,0.0140025359138846,-0.00981443740308285));
#4562=CARTESIAN_POINT('',(0.0643909874933958,0.013702313773906,-0.00981443740308285));
#4563=CARTESIAN_POINT('',(0.0643909874933958,0.023862313773906,-0.00981443740308285));
#4564=CARTESIAN_POINT('',(0.0643909874933958,0.0120627580538632,-0.00981443740308285));
#4565=CARTESIAN_POINT('',(0.0643909874933958,0.0120627580538632,-0.00981443740308285));
#4566=CARTESIAN_POINT('',(0.0649109874933958,0.0117625359138846,-0.00981443740308285));
#4567=CARTESIAN_POINT('',(0.0649109874933958,0.0219225359138847,-0.00981443740308285));
#4568=CARTESIAN_POINT('',(0.0649109874933958,0.0114625359138846,-0.00981443740308285));
#4569=CARTESIAN_POINT('',(0.0649109874933958,0.0114625359138846,-0.00981443740308285));
#4570=CARTESIAN_POINT('',(0.0643909874933958,0.011162313773906,-0.00981443740308285));
#4571=CARTESIAN_POINT('',(0.0643909874933958,0.023862313773906,-0.00981443740308285));
#4572=CARTESIAN_POINT('',(0.0643909874933958,0.00952275805386324,-0.00981443740308285));
#4573=CARTESIAN_POINT('',(0.0643909874933958,0.00952275805386324,-0.00981443740308285));
#4574=CARTESIAN_POINT('',(0.0649109874933958,0.00922253591388464,-0.00981443740308285));
#4575=CARTESIAN_POINT('',(0.0649109874933958,0.0219225359138847,-0.00981443740308285));
#4576=CARTESIAN_POINT('',(0.0649109874933958,0.00892253591388464,-0.00981443740308285));
#4577=CARTESIAN_POINT('',(0.0649109874933958,0.00892253591388464,-0.00981443740308285));
#4578=CARTESIAN_POINT('',(0.0643909874933958,0.00862231377390604,-0.00981443740308285));
#4579=CARTESIAN_POINT('',(0.0643909874933958,0.023862313773906,-0.00981443740308285));
#4580=CARTESIAN_POINT('',(0.0643909874933958,0.00698275805386324,-0.00981443740308285));
#4581=CARTESIAN_POINT('',(0.0643909874933958,0.00698275805386324,-0.00981443740308285));
#4582=CARTESIAN_POINT('',(0.0649109874933958,0.00668253591388464,-0.00981443740308285));
#4583=CARTESIAN_POINT('',(0.0649109874933958,0.0219225359138847,-0.00981443740308285));
#4584=CARTESIAN_POINT('',(0.0649109874933958,0.00638253591388464,-0.00981443740308285));
#4585=CARTESIAN_POINT('',(0.0649109874933958,0.00638253591388464,-0.00981443740308285));
#4586=CARTESIAN_POINT('',(0.0643909874933958,0.00608231377390604,-0.00981443740308285));
#4587=CARTESIAN_POINT('',(0.0643909874933958,0.023862313773906,-0.00981443740308285));
#4588=CARTESIAN_POINT('',(0.0643909874933958,0.00444275805386325,-0.00981443740308285));
#4589=CARTESIAN_POINT('',(0.0643909874933958,0.00444275805386324,-0.00981443740308285));
#4590=CARTESIAN_POINT('',(0.0649109874933958,0.00414253591388464,-0.00981443740308285));
#4591=CARTESIAN_POINT('',(0.0649109874933958,0.0219225359138847,-0.00981443740308285));
#4592=CARTESIAN_POINT('',(0.0649109874933958,0.00399253591388464,-0.00981443740308285));
#4593=CARTESIAN_POINT('',(0.0649109874933958,0.00399253591388464,-0.00981443740308285));
#4594=CARTESIAN_POINT('',(0.0664109874933958,0.00399253591388464,-0.00981443740308285));
#4595=CARTESIAN_POINT('',(0.0664109874933958,0.0217725359138847,-0.00981443740308285));
#4596=CARTESIAN_POINT('',(0.0664109874933958,0.00414253591388464,-0.00981443740308285));
#4597=CARTESIAN_POINT('',(0.0664109874933958,0.00414253591388464,-0.00981443740308285));
#4598=CARTESIAN_POINT('',(0.0669309874933958,0.00444275805386324,-0.00981443740308285));
#4599=CARTESIAN_POINT('',(0.0669309874933958,0.0222227580538632,-0.00981443740308285));
#4600=CARTESIAN_POINT('',(0.0669309874933958,0.00608231377390604,-0.00981443740308285));
#4601=CARTESIAN_POINT('',(0.0669309874933958,0.00608231377390604,-0.00981443740308285));
#4602=CARTESIAN_POINT('',(0.0664109874933958,0.00638253591388464,-0.00981443740308285));
#4603=CARTESIAN_POINT('',(0.0664109874933958,0.0217725359138847,-0.00981443740308285));
#4604=CARTESIAN_POINT('',(0.0664109874933958,0.00668253591388464,-0.00981443740308285));
#4605=CARTESIAN_POINT('',(0.0664109874933958,0.00668253591388464,-0.00981443740308285));
#4606=CARTESIAN_POINT('',(0.0669309874933958,0.00698275805386324,-0.00981443740308285));
#4607=CARTESIAN_POINT('',(0.0669309874933958,0.0222227580538632,-0.00981443740308285));
#4608=CARTESIAN_POINT('',(0.0669309874933958,0.00862231377390604,-0.00981443740308285));
#4609=CARTESIAN_POINT('',(0.0669309874933958,0.00862231377390604,-0.00981443740308285));
#4610=CARTESIAN_POINT('',(0.0664109874933958,0.00892253591388464,-0.00981443740308285));
#4611=CARTESIAN_POINT('',(0.0664109874933958,0.0217725359138847,-0.00981443740308285));
#4612=CARTESIAN_POINT('',(0.0664109874933958,0.00922253591388464,-0.00981443740308285));
#4613=CARTESIAN_POINT('',(0.0664109874933958,0.00922253591388464,-0.00981443740308285));
#4614=CARTESIAN_POINT('',(0.0669309874933958,0.00952275805386324,-0.00981443740308285));
#4615=CARTESIAN_POINT('',(0.0669309874933958,0.0222227580538632,-0.00981443740308285));
#4616=CARTESIAN_POINT('',(0.0669309874933958,0.011162313773906,-0.00981443740308285));
#4617=CARTESIAN_POINT('',(0.0669309874933958,0.011162313773906,-0.00981443740308285));
#4618=CARTESIAN_POINT('',(0.0664109874933958,0.0114625359138846,-0.00981443740308285));
#4619=CARTESIAN_POINT('',(0.0664109874933958,0.0217725359138847,-0.00981443740308285));
#4620=CARTESIAN_POINT('',(0.0664109874933958,0.0117625359138846,-0.00981443740308285));
#4621=CARTESIAN_POINT('',(0.0664109874933958,0.0117625359138846,-0.00981443740308285));
#4622=CARTESIAN_POINT('',(0.0669309874933958,0.0120627580538632,-0.00981443740308285));
#4623=CARTESIAN_POINT('',(0.0669309874933958,0.0222227580538632,-0.00981443740308285));
#4624=CARTESIAN_POINT('',(0.0669309874933958,0.013702313773906,-0.00981443740308285));
#4625=CARTESIAN_POINT('',(0.0669309874933958,0.013702313773906,-0.00981443740308285));
#4626=CARTESIAN_POINT('',(0.0664109874933958,0.0140025359138846,-0.00981443740308285));
#4627=CARTESIAN_POINT('',(0.0664109874933958,0.0217725359138847,-0.00981443740308285));
#4628=CARTESIAN_POINT('',(0.0664109874933958,0.0143025359138846,-0.00981443740308285));
#4629=CARTESIAN_POINT('',(0.0664109874933958,0.0143025359138846,-0.00981443740308285));
#4630=CARTESIAN_POINT('',(0.0669309874933958,0.0146027580538632,-0.00981443740308285));
#4631=CARTESIAN_POINT('',(0.0669309874933958,0.0222227580538632,-0.00981443740308285));
#4632=CARTESIAN_POINT('',(0.0669309874933958,0.016242313773906,-0.00981443740308285));
#4633=CARTESIAN_POINT('',(0.0669309874933958,0.016242313773906,-0.00981443740308285));
#4634=CARTESIAN_POINT('',(0.0664109874933958,0.0165425359138846,-0.00981443740308285));
#4635=CARTESIAN_POINT('',(0.0664109874933958,0.0217725359138847,-0.00981443740308285));
#4636=CARTESIAN_POINT('',(0.0664109874933958,0.0168425359138847,-0.00981443740308285));
#4637=CARTESIAN_POINT('',(0.0664109874933958,0.0168425359138847,-0.00981443740308285));
#4638=CARTESIAN_POINT('',(0.0669309874933958,0.0171427580538633,-0.00981443740308285));
#4639=CARTESIAN_POINT('',(0.0669309874933958,0.0222227580538632,-0.00981443740308285));
#4640=CARTESIAN_POINT('',(0.0669309874933958,0.018782313773906,-0.00981443740308285));
#4641=CARTESIAN_POINT('',(0.0669309874933958,0.018782313773906,-0.00981443740308285));
#4642=CARTESIAN_POINT('',(0.0664109874933958,0.0190825359138846,-0.00981443740308285));
#4643=CARTESIAN_POINT('',(0.0664109874933958,0.0217725359138847,-0.00981443740308285));
#4644=CARTESIAN_POINT('',(0.0664109874933958,0.0193825359138846,-0.00981443740308285));
#4645=CARTESIAN_POINT('',(0.0664109874933958,0.0193825359138846,-0.00981443740308285));
#4646=CARTESIAN_POINT('',(0.0669309874933958,0.0196827580538632,-0.00981443740308285));
#4647=CARTESIAN_POINT('',(0.0669309874933958,0.0222227580538632,-0.00981443740308285));
#4648=CARTESIAN_POINT('',(0.0669309874933958,0.021322313773906,-0.00981443740308285));
#4649=CARTESIAN_POINT('',(0.0669309874933958,0.021322313773906,-0.00981443740308285));
#4650=CARTESIAN_POINT('',(0.0664109874933958,0.0216225359138847,-0.00981443740308285));
#4651=CARTESIAN_POINT('',(0.0664109874933958,0.0217725359138847,-0.00981443740308285));
#4652=CARTESIAN_POINT('',(0.0664109874933958,0.0219225359138847,-0.00981443740308285));
#4653=CARTESIAN_POINT('',(0.0664109874933958,0.0219225359138847,-0.00981443740308285));
#4654=CARTESIAN_POINT('',(0.0669309874933958,0.0222227580538632,-0.00981443740308285));
#4655=CARTESIAN_POINT('',(0.0669309874933958,0.0222227580538632,-0.00981443740308285));
#4656=CARTESIAN_POINT('',(0.0669309874933958,0.023862313773906,-0.00981443740308285));
#4657=CARTESIAN_POINT('',(0.0669309874933958,0.023862313773906,-0.00981443740308285));
#4658=CARTESIAN_POINT('',(0.0664109874933958,0.0241625359138847,-0.00981443740308285));
#4659=CARTESIAN_POINT('',(0.0664109874933958,0.0217725359138847,-0.00981443740308285));
#4660=CARTESIAN_POINT('',(0.0664109874933958,0.0243125359138847,-0.00981443740308285));
#4661=CARTESIAN_POINT('',(0.0664109874933958,0.0243125359138847,-0.00981443740308285));
#4662=CARTESIAN_POINT('',(0.0656609874933958,0.0230425359138847,-0.00731443740308285));
#4663=CARTESIAN_POINT('',(0.0656609874933958,0.0230425359138847,-0.00731443740308285));
#4664=CARTESIAN_POINT('',(0.0665609874933958,0.0230425359138847,-0.00731443740308285));
#4665=CARTESIAN_POINT('',(0.0656609874933958,0.0230425359138847,-0.00981443740308285));
#4666=CARTESIAN_POINT('',(0.0656609874933958,0.0230425359138847,-0.00731443740308285));
#4667=CARTESIAN_POINT('',(0.0663209874933958,0.0230425359138847,-0.00731443740308285));
#4668=CARTESIAN_POINT('',(0.0656609874933958,0.0230425359138847,-0.00731443740308285));
#4669=CARTESIAN_POINT('',(0.,0.,0.));
#4670=CARTESIAN_POINT('',(0.0656609874933958,0.0128825359138846,-0.00361443740308285));
#4671=CARTESIAN_POINT('',(0.0656609874933958,0.0128825359138846,-0.00361443740308285));
#4672=CARTESIAN_POINT('',(0.0656609874933958,0.0125825359138846,-0.00361443740308285));
#4673=CARTESIAN_POINT('',(0.0656609874933958,0.0128825359138846,-0.00631443740308285));
#4674=CARTESIAN_POINT('',(0.0656609874933958,0.0128825359138846,-0.00631443740308285));
#4675=CARTESIAN_POINT('',(0.0659609874933958,0.0128825359138846,-0.00631443740308285));
#4676=CARTESIAN_POINT('',(0.0656609874933958,0.0128825359138846,-0.00631443740308285));
#4677=CARTESIAN_POINT('',(0.0656609874933958,0.0128825359138846,-0.00631443740308285));
#4678=CARTESIAN_POINT('',(0.0665609874933958,0.0128825359138846,-0.00631443740308285));
#4679=CARTESIAN_POINT('',(0.0656609874933958,0.0128825359138846,-0.00731443740308285));
#4680=CARTESIAN_POINT('',(0.0656609874933958,0.0128825359138846,-0.00731443740308285));
#4681=CARTESIAN_POINT('',(0.0665609874933958,0.0128825359138846,-0.00731443740308285));
#4682=CARTESIAN_POINT('',(0.0656609874933958,0.0128825359138846,-0.00731443740308285));
#4683=CARTESIAN_POINT('',(0.0656609874933958,0.0128825359138846,-0.00731443740308285));
#4684=CARTESIAN_POINT('',(0.0663209874933958,0.0128825359138846,-0.00731443740308285));
#4685=CARTESIAN_POINT('',(0.0656609874933958,0.0128825359138846,-0.0108844374030828));
#4686=CARTESIAN_POINT('',(0.0656609874933958,0.0128825359138846,-0.0108844374030828));
#4687=CARTESIAN_POINT('',(0.0663209874933958,0.0128825359138846,-0.0108844374030828));
#4688=CARTESIAN_POINT('',(0.0656609874933958,0.0128825359138846,-0.0110994374030828));
#4689=CARTESIAN_POINT('',(0.0656609874933958,0.0128825359138846,-0.0113144374030828));
#4690=CARTESIAN_POINT('',(0.0658909874933958,0.0128825359138846,-0.0113144374030828));
#4691=CARTESIAN_POINT('',(0.0656609874933958,0.0128825359138846,-0.0147744374030828));
#4692=CARTESIAN_POINT('',(0.0656609874933958,0.0128825359138846,-0.0147744374030828));
#4693=CARTESIAN_POINT('',(0.0658909874933958,0.0128825359138846,-0.0147744374030828));
#4694=CARTESIAN_POINT('',(0.0656609874933958,0.0128825359138846,-0.0147744374030828));
#4695=CARTESIAN_POINT('',(0.,0.,0.));
#4696=CARTESIAN_POINT('',(0.0656609874933958,0.0205025359138847,-0.00361443740308285));
#4697=CARTESIAN_POINT('',(0.0656609874933958,0.0205025359138847,-0.00361443740308285));
#4698=CARTESIAN_POINT('',(0.0656609874933958,0.0202025359138846,-0.00361443740308285));
#4699=CARTESIAN_POINT('',(0.0656609874933958,0.0205025359138847,-0.00631443740308285));
#4700=CARTESIAN_POINT('',(0.0656609874933958,0.0205025359138847,-0.00631443740308285));
#4701=CARTESIAN_POINT('',(0.0659609874933958,0.0205025359138847,-0.00631443740308285));
#4702=CARTESIAN_POINT('',(0.0656609874933958,0.0205025359138847,-0.00631443740308285));
#4703=CARTESIAN_POINT('',(0.0656609874933958,0.0205025359138847,-0.00631443740308285));
#4704=CARTESIAN_POINT('',(0.0665609874933958,0.0205025359138847,-0.00631443740308285));
#4705=CARTESIAN_POINT('',(0.0656609874933958,0.0205025359138847,-0.00731443740308285));
#4706=CARTESIAN_POINT('',(0.0656609874933958,0.0205025359138847,-0.00731443740308285));
#4707=CARTESIAN_POINT('',(0.0665609874933958,0.0205025359138847,-0.00731443740308285));
#4708=CARTESIAN_POINT('',(0.0656609874933958,0.0205025359138847,-0.00731443740308285));
#4709=CARTESIAN_POINT('',(0.0656609874933958,0.0205025359138847,-0.00731443740308285));
#4710=CARTESIAN_POINT('',(0.0663209874933958,0.0205025359138847,-0.00731443740308285));
#4711=CARTESIAN_POINT('',(0.0656609874933958,0.0205025359138847,-0.0108844374030828));
#4712=CARTESIAN_POINT('',(0.0656609874933958,0.0205025359138847,-0.0108844374030828));
#4713=CARTESIAN_POINT('',(0.0663209874933958,0.0205025359138847,-0.0108844374030828));
#4714=CARTESIAN_POINT('',(0.0656609874933958,0.0205025359138847,-0.0110994374030828));
#4715=CARTESIAN_POINT('',(0.0656609874933958,0.0205025359138847,-0.0113144374030828));
#4716=CARTESIAN_POINT('',(0.0658909874933958,0.0205025359138847,-0.0113144374030828));
#4717=CARTESIAN_POINT('',(0.0656609874933958,0.0205025359138847,-0.0147744374030828));
#4718=CARTESIAN_POINT('',(0.0656609874933958,0.0205025359138847,-0.0147744374030828));
#4719=CARTESIAN_POINT('',(0.0658909874933958,0.0205025359138847,-0.0147744374030828));
#4720=CARTESIAN_POINT('',(0.0656609874933958,0.0205025359138847,-0.0147744374030828));
#4721=MECHANICAL_DESIGN_GEOMETRIC_PRESENTATION_REPRESENTATION('',(#2754),
#4731);
#4722=MECHANICAL_DESIGN_GEOMETRIC_PRESENTATION_REPRESENTATION('',(#2755),
#4732);
#4723=MECHANICAL_DESIGN_GEOMETRIC_PRESENTATION_REPRESENTATION('',(#2756),
#4733);
#4724=MECHANICAL_DESIGN_GEOMETRIC_PRESENTATION_REPRESENTATION('',(#2757),
#4734);
#4725=MECHANICAL_DESIGN_GEOMETRIC_PRESENTATION_REPRESENTATION('',(#2758),
#4735);
#4726=MECHANICAL_DESIGN_GEOMETRIC_PRESENTATION_REPRESENTATION('',(#2759),
#4736);
#4727=MECHANICAL_DESIGN_GEOMETRIC_PRESENTATION_REPRESENTATION('',(#2760),
#4737);
#4728=MECHANICAL_DESIGN_GEOMETRIC_PRESENTATION_REPRESENTATION('',(#2761),
#4738);
#4729=MECHANICAL_DESIGN_GEOMETRIC_PRESENTATION_REPRESENTATION('',(#2762),
#4739);
#4730=MECHANICAL_DESIGN_GEOMETRIC_PRESENTATION_REPRESENTATION('',(#2763),
#4740);
#4731=(
GEOMETRIC_REPRESENTATION_CONTEXT(3)
GLOBAL_UNCERTAINTY_ASSIGNED_CONTEXT((#4741))
GLOBAL_UNIT_ASSIGNED_CONTEXT((#4771,#4761,#4751))
REPRESENTATION_CONTEXT('8 pin header v1_1__8 pin header v1_1',
'TOP_LEVEL_ASSEMBLY_PART')
);
#4732=(
GEOMETRIC_REPRESENTATION_CONTEXT(3)
GLOBAL_UNCERTAINTY_ASSIGNED_CONTEXT((#4742))
GLOBAL_UNIT_ASSIGNED_CONTEXT((#4772,#4762,#4752))
REPRESENTATION_CONTEXT('8 pin header v1_1__8 pin header v1_1',
'TOP_LEVEL_ASSEMBLY_PART')
);
#4733=(
GEOMETRIC_REPRESENTATION_CONTEXT(3)
GLOBAL_UNCERTAINTY_ASSIGNED_CONTEXT((#4743))
GLOBAL_UNIT_ASSIGNED_CONTEXT((#4773,#4763,#4753))
REPRESENTATION_CONTEXT('8 pin header v1_1__8 pin header v1_1',
'TOP_LEVEL_ASSEMBLY_PART')
);
#4734=(
GEOMETRIC_REPRESENTATION_CONTEXT(3)
GLOBAL_UNCERTAINTY_ASSIGNED_CONTEXT((#4744))
GLOBAL_UNIT_ASSIGNED_CONTEXT((#4774,#4764,#4754))
REPRESENTATION_CONTEXT('Part 1__Part 1','TOP_LEVEL_ASSEMBLY_PART')
);
#4735=(
GEOMETRIC_REPRESENTATION_CONTEXT(3)
GLOBAL_UNCERTAINTY_ASSIGNED_CONTEXT((#4745))
GLOBAL_UNIT_ASSIGNED_CONTEXT((#4775,#4765,#4755))
REPRESENTATION_CONTEXT('8 pin header v1_1__8 pin header v1_1',
'TOP_LEVEL_ASSEMBLY_PART')
);
#4736=(
GEOMETRIC_REPRESENTATION_CONTEXT(3)
GLOBAL_UNCERTAINTY_ASSIGNED_CONTEXT((#4746))
GLOBAL_UNIT_ASSIGNED_CONTEXT((#4776,#4766,#4756))
REPRESENTATION_CONTEXT('8 pin header v1_1__8 pin header v1_1',
'TOP_LEVEL_ASSEMBLY_PART')
);
#4737=(
GEOMETRIC_REPRESENTATION_CONTEXT(3)
GLOBAL_UNCERTAINTY_ASSIGNED_CONTEXT((#4747))
GLOBAL_UNIT_ASSIGNED_CONTEXT((#4777,#4767,#4757))
REPRESENTATION_CONTEXT('8 pin header v1_1__8 pin header v1_1',
'TOP_LEVEL_ASSEMBLY_PART')
);
#4738=(
GEOMETRIC_REPRESENTATION_CONTEXT(3)
GLOBAL_UNCERTAINTY_ASSIGNED_CONTEXT((#4748))
GLOBAL_UNIT_ASSIGNED_CONTEXT((#4778,#4768,#4758))
REPRESENTATION_CONTEXT('8 pin header v1_1__8 pin header v1_1',
'TOP_LEVEL_ASSEMBLY_PART')
);
#4739=(
GEOMETRIC_REPRESENTATION_CONTEXT(3)
GLOBAL_UNCERTAINTY_ASSIGNED_CONTEXT((#4749))
GLOBAL_UNIT_ASSIGNED_CONTEXT((#4779,#4769,#4759))
REPRESENTATION_CONTEXT('8 pin header v1_1__8 pin header v1_1',
'TOP_LEVEL_ASSEMBLY_PART')
);
#4740=(
GEOMETRIC_REPRESENTATION_CONTEXT(3)
GLOBAL_UNCERTAINTY_ASSIGNED_CONTEXT((#4750))
GLOBAL_UNIT_ASSIGNED_CONTEXT((#4780,#4770,#4760))
REPRESENTATION_CONTEXT('8 pin header v1_1__8 pin header v1_1',
'TOP_LEVEL_ASSEMBLY_PART')
);
#4741=UNCERTAINTY_MEASURE_WITH_UNIT(LENGTH_MEASURE(1.E-8),#4771,
'DISTANCE_ACCURACY_VALUE','Maximum Tolerance applied to model');
#4742=UNCERTAINTY_MEASURE_WITH_UNIT(LENGTH_MEASURE(1.E-8),#4772,
'DISTANCE_ACCURACY_VALUE','Maximum Tolerance applied to model');
#4743=UNCERTAINTY_MEASURE_WITH_UNIT(LENGTH_MEASURE(1.E-8),#4773,
'DISTANCE_ACCURACY_VALUE','Maximum Tolerance applied to model');
#4744=UNCERTAINTY_MEASURE_WITH_UNIT(LENGTH_MEASURE(1.E-8),#4774,
'DISTANCE_ACCURACY_VALUE','Maximum Tolerance applied to model');
#4745=UNCERTAINTY_MEASURE_WITH_UNIT(LENGTH_MEASURE(1.E-8),#4775,
'DISTANCE_ACCURACY_VALUE','Maximum Tolerance applied to model');
#4746=UNCERTAINTY_MEASURE_WITH_UNIT(LENGTH_MEASURE(1.E-8),#4776,
'DISTANCE_ACCURACY_VALUE','Maximum Tolerance applied to model');
#4747=UNCERTAINTY_MEASURE_WITH_UNIT(LENGTH_MEASURE(1.E-8),#4777,
'DISTANCE_ACCURACY_VALUE','Maximum Tolerance applied to model');
#4748=UNCERTAINTY_MEASURE_WITH_UNIT(LENGTH_MEASURE(1.E-8),#4778,
'DISTANCE_ACCURACY_VALUE','Maximum Tolerance applied to model');
#4749=UNCERTAINTY_MEASURE_WITH_UNIT(LENGTH_MEASURE(1.E-8),#4779,
'DISTANCE_ACCURACY_VALUE','Maximum Tolerance applied to model');
#4750=UNCERTAINTY_MEASURE_WITH_UNIT(LENGTH_MEASURE(1.E-8),#4780,
'DISTANCE_ACCURACY_VALUE','Maximum Tolerance applied to model');
#4751=(
NAMED_UNIT(*)
SI_UNIT($,.STERADIAN.)
SOLID_ANGLE_UNIT()
);
#4752=(
NAMED_UNIT(*)
SI_UNIT($,.STERADIAN.)
SOLID_ANGLE_UNIT()
);
#4753=(
NAMED_UNIT(*)
SI_UNIT($,.STERADIAN.)
SOLID_ANGLE_UNIT()
);
#4754=(
NAMED_UNIT(*)
SI_UNIT($,.STERADIAN.)
SOLID_ANGLE_UNIT()
);
#4755=(
NAMED_UNIT(*)
SI_UNIT($,.STERADIAN.)
SOLID_ANGLE_UNIT()
);
#4756=(
NAMED_UNIT(*)
SI_UNIT($,.STERADIAN.)
SOLID_ANGLE_UNIT()
);
#4757=(
NAMED_UNIT(*)
SI_UNIT($,.STERADIAN.)
SOLID_ANGLE_UNIT()
);
#4758=(
NAMED_UNIT(*)
SI_UNIT($,.STERADIAN.)
SOLID_ANGLE_UNIT()
);
#4759=(
NAMED_UNIT(*)
SI_UNIT($,.STERADIAN.)
SOLID_ANGLE_UNIT()
);
#4760=(
NAMED_UNIT(*)
SI_UNIT($,.STERADIAN.)
SOLID_ANGLE_UNIT()
);
#4761=(
NAMED_UNIT(*)
PLANE_ANGLE_UNIT()
SI_UNIT($,.RADIAN.)
);
#4762=(
NAMED_UNIT(*)
PLANE_ANGLE_UNIT()
SI_UNIT($,.RADIAN.)
);
#4763=(
NAMED_UNIT(*)
PLANE_ANGLE_UNIT()
SI_UNIT($,.RADIAN.)
);
#4764=(
NAMED_UNIT(*)
PLANE_ANGLE_UNIT()
SI_UNIT($,.RADIAN.)
);
#4765=(
NAMED_UNIT(*)
PLANE_ANGLE_UNIT()
SI_UNIT($,.RADIAN.)
);
#4766=(
NAMED_UNIT(*)
PLANE_ANGLE_UNIT()
SI_UNIT($,.RADIAN.)
);
#4767=(
NAMED_UNIT(*)
PLANE_ANGLE_UNIT()
SI_UNIT($,.RADIAN.)
);
#4768=(
NAMED_UNIT(*)
PLANE_ANGLE_UNIT()
SI_UNIT($,.RADIAN.)
);
#4769=(
NAMED_UNIT(*)
PLANE_ANGLE_UNIT()
SI_UNIT($,.RADIAN.)
);
#4770=(
NAMED_UNIT(*)
PLANE_ANGLE_UNIT()
SI_UNIT($,.RADIAN.)
);
#4771=(
LENGTH_UNIT()
NAMED_UNIT(*)
SI_UNIT($,.METRE.)
);
#4772=(
LENGTH_UNIT()
NAMED_UNIT(*)
SI_UNIT($,.METRE.)
);
#4773=(
LENGTH_UNIT()
NAMED_UNIT(*)
SI_UNIT($,.METRE.)
);
#4774=(
LENGTH_UNIT()
NAMED_UNIT(*)
SI_UNIT($,.METRE.)
);
#4775=(
LENGTH_UNIT()
NAMED_UNIT(*)
SI_UNIT($,.METRE.)
);
#4776=(
LENGTH_UNIT()
NAMED_UNIT(*)
SI_UNIT($,.METRE.)
);
#4777=(
LENGTH_UNIT()
NAMED_UNIT(*)
SI_UNIT($,.METRE.)
);
#4778=(
LENGTH_UNIT()
NAMED_UNIT(*)
SI_UNIT($,.METRE.)
);
#4779=(
LENGTH_UNIT()
NAMED_UNIT(*)
SI_UNIT($,.METRE.)
);
#4780=(
LENGTH_UNIT()
NAMED_UNIT(*)
SI_UNIT($,.METRE.)
);
#4781=PRODUCT_DEFINITION_SHAPE('','',#4791);
#4782=PRODUCT_DEFINITION_SHAPE('','',#4792);
#4783=PRODUCT_DEFINITION_SHAPE('','',#4793);
#4784=PRODUCT_DEFINITION_SHAPE('','',#4794);
#4785=PRODUCT_DEFINITION_SHAPE('','',#4795);
#4786=PRODUCT_DEFINITION_SHAPE('','',#4796);
#4787=PRODUCT_DEFINITION_SHAPE('','',#4797);
#4788=PRODUCT_DEFINITION_SHAPE('','',#4798);
#4789=PRODUCT_DEFINITION_SHAPE('','',#4799);
#4790=PRODUCT_DEFINITION_SHAPE('','',#4800);
#4791=PRODUCT_DEFINITION('','',#4811,#4801);
#4792=PRODUCT_DEFINITION('','',#4812,#4802);
#4793=PRODUCT_DEFINITION('','',#4813,#4803);
#4794=PRODUCT_DEFINITION('','',#4814,#4804);
#4795=PRODUCT_DEFINITION('','',#4815,#4805);
#4796=PRODUCT_DEFINITION('','',#4816,#4806);
#4797=PRODUCT_DEFINITION('','',#4817,#4807);
#4798=PRODUCT_DEFINITION('','',#4818,#4808);
#4799=PRODUCT_DEFINITION('','',#4819,#4809);
#4800=PRODUCT_DEFINITION('','',#4820,#4810);
#4801=PRODUCT_DEFINITION_CONTEXT('',#4871,'design');
#4802=PRODUCT_DEFINITION_CONTEXT('',#4872,'design');
#4803=PRODUCT_DEFINITION_CONTEXT('',#4873,'design');
#4804=PRODUCT_DEFINITION_CONTEXT('',#4874,'design');
#4805=PRODUCT_DEFINITION_CONTEXT('',#4875,'design');
#4806=PRODUCT_DEFINITION_CONTEXT('',#4876,'design');
#4807=PRODUCT_DEFINITION_CONTEXT('',#4877,'design');
#4808=PRODUCT_DEFINITION_CONTEXT('',#4878,'design');
#4809=PRODUCT_DEFINITION_CONTEXT('',#4879,'design');
#4810=PRODUCT_DEFINITION_CONTEXT('',#4880,'design');
#4811=PRODUCT_DEFINITION_FORMATION_WITH_SPECIFIED_SOURCE('','',#4831,
 .NOT_KNOWN.);
#4812=PRODUCT_DEFINITION_FORMATION_WITH_SPECIFIED_SOURCE('','',#4832,
 .NOT_KNOWN.);
#4813=PRODUCT_DEFINITION_FORMATION_WITH_SPECIFIED_SOURCE('','',#4833,
 .NOT_KNOWN.);
#4814=PRODUCT_DEFINITION_FORMATION_WITH_SPECIFIED_SOURCE('','',#4834,
 .NOT_KNOWN.);
#4815=PRODUCT_DEFINITION_FORMATION_WITH_SPECIFIED_SOURCE('','',#4835,
 .NOT_KNOWN.);
#4816=PRODUCT_DEFINITION_FORMATION_WITH_SPECIFIED_SOURCE('','',#4836,
 .NOT_KNOWN.);
#4817=PRODUCT_DEFINITION_FORMATION_WITH_SPECIFIED_SOURCE('','',#4837,
 .NOT_KNOWN.);
#4818=PRODUCT_DEFINITION_FORMATION_WITH_SPECIFIED_SOURCE('','',#4838,
 .NOT_KNOWN.);
#4819=PRODUCT_DEFINITION_FORMATION_WITH_SPECIFIED_SOURCE('','',#4839,
 .NOT_KNOWN.);
#4820=PRODUCT_DEFINITION_FORMATION_WITH_SPECIFIED_SOURCE('','',#4840,
 .NOT_KNOWN.);
#4821=PRODUCT_RELATED_PRODUCT_CATEGORY('','',(#4831));
#4822=PRODUCT_RELATED_PRODUCT_CATEGORY('','',(#4832));
#4823=PRODUCT_RELATED_PRODUCT_CATEGORY('','',(#4833));
#4824=PRODUCT_RELATED_PRODUCT_CATEGORY('','',(#4834));
#4825=PRODUCT_RELATED_PRODUCT_CATEGORY('','',(#4835));
#4826=PRODUCT_RELATED_PRODUCT_CATEGORY('','',(#4836));
#4827=PRODUCT_RELATED_PRODUCT_CATEGORY('','',(#4837));
#4828=PRODUCT_RELATED_PRODUCT_CATEGORY('','',(#4838));
#4829=PRODUCT_RELATED_PRODUCT_CATEGORY('','',(#4839));
#4830=PRODUCT_RELATED_PRODUCT_CATEGORY('','',(#4840));
#4831=PRODUCT('8 pin header v1_1__8 pin header v1_1',
'8 pin header v1_1__8 pin header v1_1',
'8 pin header v1_1__8 pin header v1_1',(#4851));
#4832=PRODUCT('8 pin header v1_1__8 pin header v1_1',
'8 pin header v1_1__8 pin header v1_1',
'8 pin header v1_1__8 pin header v1_1',(#4852));
#4833=PRODUCT('8 pin header v1_1__8 pin header v1_1',
'8 pin header v1_1__8 pin header v1_1',
'8 pin header v1_1__8 pin header v1_1',(#4853));
#4834=PRODUCT('Part 1__Part 1','Part 1__Part 1','Part 1__Part 1',(#4854));
#4835=PRODUCT('8 pin header v1_1__8 pin header v1_1',
'8 pin header v1_1__8 pin header v1_1',
'8 pin header v1_1__8 pin header v1_1',(#4855));
#4836=PRODUCT('8 pin header v1_1__8 pin header v1_1',
'8 pin header v1_1__8 pin header v1_1',
'8 pin header v1_1__8 pin header v1_1',(#4856));
#4837=PRODUCT('8 pin header v1_1__8 pin header v1_1',
'8 pin header v1_1__8 pin header v1_1',
'8 pin header v1_1__8 pin header v1_1',(#4857));
#4838=PRODUCT('8 pin header v1_1__8 pin header v1_1',
'8 pin header v1_1__8 pin header v1_1',
'8 pin header v1_1__8 pin header v1_1',(#4858));
#4839=PRODUCT('8 pin header v1_1__8 pin header v1_1',
'8 pin header v1_1__8 pin header v1_1',
'8 pin header v1_1__8 pin header v1_1',(#4859));
#4840=PRODUCT('8 pin header v1_1__8 pin header v1_1',
'8 pin header v1_1__8 pin header v1_1',
'8 pin header v1_1__8 pin header v1_1',(#4860));
#4841=PRODUCT_CATEGORY('','');
#4842=PRODUCT_CATEGORY('','');
#4843=PRODUCT_CATEGORY('','');
#4844=PRODUCT_CATEGORY('','');
#4845=PRODUCT_CATEGORY('','');
#4846=PRODUCT_CATEGORY('','');
#4847=PRODUCT_CATEGORY('','');
#4848=PRODUCT_CATEGORY('','');
#4849=PRODUCT_CATEGORY('','');
#4850=PRODUCT_CATEGORY('','');
#4851=PRODUCT_CONTEXT('',#4871,'mechanical');
#4852=PRODUCT_CONTEXT('',#4872,'mechanical');
#4853=PRODUCT_CONTEXT('',#4873,'mechanical');
#4854=PRODUCT_CONTEXT('',#4874,'mechanical');
#4855=PRODUCT_CONTEXT('',#4875,'mechanical');
#4856=PRODUCT_CONTEXT('',#4876,'mechanical');
#4857=PRODUCT_CONTEXT('',#4877,'mechanical');
#4858=PRODUCT_CONTEXT('',#4878,'mechanical');
#4859=PRODUCT_CONTEXT('',#4879,'mechanical');
#4860=PRODUCT_CONTEXT('',#4880,'mechanical');
#4861=APPLICATION_PROTOCOL_DEFINITION('international standard',
'ap242_managed_model_based_3d_engineering',2020,#4871);
#4862=APPLICATION_PROTOCOL_DEFINITION('international standard',
'ap242_managed_model_based_3d_engineering',2020,#4872);
#4863=APPLICATION_PROTOCOL_DEFINITION('international standard',
'ap242_managed_model_based_3d_engineering',2020,#4873);
#4864=APPLICATION_PROTOCOL_DEFINITION('international standard',
'ap242_managed_model_based_3d_engineering',2020,#4874);
#4865=APPLICATION_PROTOCOL_DEFINITION('international standard',
'ap242_managed_model_based_3d_engineering',2020,#4875);
#4866=APPLICATION_PROTOCOL_DEFINITION('international standard',
'ap242_managed_model_based_3d_engineering',2020,#4876);
#4867=APPLICATION_PROTOCOL_DEFINITION('international standard',
'ap242_managed_model_based_3d_engineering',2020,#4877);
#4868=APPLICATION_PROTOCOL_DEFINITION('international standard',
'ap242_managed_model_based_3d_engineering',2020,#4878);
#4869=APPLICATION_PROTOCOL_DEFINITION('international standard',
'ap242_managed_model_based_3d_engineering',2020,#4879);
#4870=APPLICATION_PROTOCOL_DEFINITION('international standard',
'ap242_managed_model_based_3d_engineering',2020,#4880);
#4871=APPLICATION_CONTEXT('managed model based 3d engineering');
#4872=APPLICATION_CONTEXT('managed model based 3d engineering');
#4873=APPLICATION_CONTEXT('managed model based 3d engineering');
#4874=APPLICATION_CONTEXT('managed model based 3d engineering');
#4875=APPLICATION_CONTEXT('managed model based 3d engineering');
#4876=APPLICATION_CONTEXT('managed model based 3d engineering');
#4877=APPLICATION_CONTEXT('managed model based 3d engineering');
#4878=APPLICATION_CONTEXT('managed model based 3d engineering');
#4879=APPLICATION_CONTEXT('managed model based 3d engineering');
#4880=APPLICATION_CONTEXT('managed model based 3d engineering');
ENDSEC;
END-ISO-10303-21;
